Train_CE,Valid_CE,Test_CE,Train_Acc,Valid_Acc,Test_Acc,model_name,dataset,best_step,sparsity,dropout,input_width,hidden1_width,hidden2_width,epsilon,epsilon_decay,l2_decay,initial_momentum,final_momentum,expid
111.45566,100.84838,99.92552,0.5171324609375,0.599275390625,0.6054202880859375,dbm,PF00240,3000,False,True,69,1000,1000,0.0100,NONE,0.0100,0.0000,0.0000,exp401
110.34176,101.94602,100.83990,0.52280984375,0.5876666870117188,0.5945652465820312,dbm,PF00240,1000,False,True,69,1000,1000,0.1000,NONE,0.0100,0.0000,0.0000,exp374
112.95602,103.47793,102.44044,0.5088728125,0.584884033203125,0.5929130249023438,dbm,PF00240,1000,False,True,69,500,500,0.0100,NONE,0.0100,0.5000,0.9000,exp68
116.69297,103.85892,102.98738,0.510885234375,0.5686231689453125,0.5733912963867187,dbm,PF00240,7000,True,False,69,1000,1000,0.5000,NONE,0.0100,0.0000,0.0000,exp344
111.21792,104.49333,103.33088,0.519530234375,0.5711738891601562,0.5787825927734375,dbm,PF00240,1000,False,True,69,1000,1000,0.1000,INVERSE_T,0.0100,0.5000,0.9000,exp212
111.06636,104.61529,103.45020,0.5201706640625,0.5703912963867187,0.5783768310546875,dbm,PF00240,1000,False,True,69,1000,1000,0.1000,NONE,0.0100,0.5000,0.9000,exp50
132.28112,105.17163,104.32817,0.506144140625,0.5675072631835938,0.57104345703125,dbm,PF00240,1000,True,False,69,500,500,0.5000,NONE,0.0100,0.5000,0.9000,exp11
113.56685,107.60365,106.47267,0.5079945703125,0.5543623046875,0.563159423828125,dbm,PF00240,1000,False,True,69,500,500,0.1000,NONE,0.0100,0.5000,0.9000,exp41
114.99417,108.41896,108.03510,0.501295859375,0.5465072631835938,0.5507825927734376,dbm,PF00240,62000,False,True,69,1000,1000,0.5000,INVERSE_T,0.0100,0.5000,0.9000,exp185
115.77272,109.54670,108.90252,0.4982896484375,0.5373768310546875,0.5436087036132813,dbm,PF00240,44000,False,True,69,1000,1000,0.5000,NONE,0.0100,0.0000,0.0000,exp347
116.42452,113.37282,112.95077,0.49432109375,0.5236521606445312,0.5285941772460937,rbm1,PF00240,76000,False,True,69,100,None,0.1000,INVERSE_T,0.0100,0.5000,0.9000,exp194
116.63386,113.59964,113.15086,0.4927362890625,0.523115966796875,0.5267536010742188,rbm1,PF00240,76000,False,True,69,100,None,0.0100,NONE,0.0100,0.5000,0.9000,exp59
116.90744,113.70128,113.29192,0.492388046875,0.521797119140625,0.5260579833984375,rbm1,PF00240,76000,False,True,69,100,None,0.5000,INVERSE_T,0.0100,0.5000,0.9000,exp167
123.93974,119.00347,118.03716,0.4562083203125,0.4943043518066406,0.5021739196777344,dbm,PF00240,1000,False,True,69,100,100,0.0100,NONE,0.0100,0.5000,0.9000,exp59
123.67587,119.82462,118.86505,0.459206171875,0.4901304321289062,0.49765216064453127,dbm,PF00240,1000,False,True,69,100,100,0.1000,INVERSE_T,0.0100,0.5000,0.9000,exp194
124.56657,121.02678,120.36717,0.45575703125,0.48134783935546877,0.48737680053710936,dbm,PF00240,180000,False,True,69,100,100,0.5000,INVERSE_T,0.0100,0.5000,0.9000,exp167
4.01352,15.36455,15.13349,0.9855440625,0.9391448974609375,0.94068115234375,rbm1,PF00240,44000,False,False,69,1000,None,0.0100,NONE,0.0010,0.5000,0.9000,exp161
4.06748,15.46042,15.09134,0.985325234375,0.9392318725585938,0.9408985595703125,rbm1,PF00240,99000,False,False,69,1000,None,0.0100,INVERSE_T,0.0010,0.5000,0.9000,exp323
3.66953,15.51618,15.35429,0.98724140625,0.939,0.9397536010742188,rbm1,PF00240,44000,False,False,69,1000,None,0.1000,INVERSE_T,0.0010,0.5000,0.9000,exp296
3.79295,16.14940,15.97944,0.9861428125,0.9362463989257812,0.9370724487304688,rbm1,PF00240,44000,False,False,69,1000,None,0.1000,NONE,0.0010,0.5000,0.9000,exp134
5.52210,16.22500,16.02092,0.974834296875,0.9357391357421875,0.9364637451171876,dbm,PF00240,198000,False,False,69,1000,1000,0.5000,INVERSE_T,0.0010,0.5000,0.9000,exp269
3.66891,16.36329,15.94283,0.987021171875,0.9357391357421875,0.9378115844726562,rbm1,PF00240,90000,False,False,69,1000,None,0.5000,INVERSE_T,0.0010,0.5000,0.9000,exp269
5.83306,16.56837,16.47990,0.97348515625,0.9369420166015625,0.9370289916992187,dbm,PF00240,198000,False,False,69,1000,1000,0.0100,INVERSE_T,0.0010,0.5000,0.9000,exp323
5.13894,18.12159,18.11429,0.9834875,0.9290579833984375,0.9304202880859375,rbm1,PF00240,92000,False,False,69,500,None,0.0100,NONE,0.0010,0.5000,0.9000,exp152
5.08471,18.55508,18.53413,0.983273515625,0.9283043212890625,0.9277825927734376,rbm1,PF00240,30000,False,False,69,500,None,0.1000,NONE,0.0010,0.5000,0.9000,exp125
4.17104,18.79997,18.66638,0.98644765625,0.926115966796875,0.9272318725585937,rbm1,PF00240,37000,True,False,69,1000,None,0.0100,NONE,0.0010,0.5000,0.9000,exp155
5.54579,18.86804,18.47662,0.97768671875,0.9256376953125,0.9271884155273438,rbm1,PF00240,5000,False,False,69,1000,None,0.5000,NONE,0.0010,0.5000,0.9000,exp107
4.21936,19.17240,18.86717,0.98614515625,0.9238261108398438,0.925202880859375,rbm1,PF00240,9000,True,False,69,1000,None,0.1000,INVERSE_T,0.0010,0.5000,0.9000,exp290
4.17224,19.31688,19.03643,0.986327109375,0.9231884155273438,0.9246666870117187,rbm1,PF00240,9000,True,False,69,1000,None,0.1000,NONE,0.0010,0.5000,0.9000,exp128
4.63714,19.55341,19.23428,0.979069765625,0.9251738891601563,0.926478271484375,dbm,PF00240,112000,False,False,69,1000,1000,0.1000,NONE,0.0010,0.5000,0.9000,exp134
7.78011,19.69609,19.55246,0.96488234375,0.9257825927734376,0.9253623046875,dbm,PF00240,3000,False,False,69,1000,1000,0.5000,NONE,0.0010,0.5000,0.9000,exp107
5.06756,19.76201,19.48183,0.98147953125,0.9220144653320312,0.9224202880859375,rbm1,PF00240,2000,True,False,69,1000,None,0.5000,INVERSE_T,0.0010,0.5000,0.9000,exp263
5.05671,19.82809,19.50380,0.98151578125,0.9217391357421875,0.9229710083007813,rbm1,PF00240,2000,True,False,69,1000,None,0.5000,NONE,0.0010,0.5000,0.9000,exp101
9.36303,20.56911,20.32281,0.957606171875,0.921115966796875,0.9214347534179688,dbm,PF00240,2000,False,False,69,500,500,0.5000,NONE,0.0010,0.5000,0.9000,exp98
6.51005,20.64424,19.95392,0.9749596875,0.9182608642578125,0.9202463989257812,rbm1,PF00240,5000,False,False,69,500,None,0.5000,NONE,0.0010,0.5000,0.9000,exp98
5.68908,21.93132,21.57406,0.981731796875,0.913521728515625,0.9147391357421875,rbm1,PF00240,12000,True,False,69,500,None,0.1000,INVERSE_T,0.0010,0.5000,0.9000,exp281
10.22422,25.26498,25.11243,0.956098359375,0.8990579833984375,0.8995652465820313,dbm,PF00240,1000,False,False,69,1000,1000,0.0100,NONE,0.0010,0.5000,0.9000,exp161
2.48331,25.34751,25.54277,0.990798203125,0.9008115844726563,0.8993768310546875,dbm,PF00240,44000,False,False,69,1000,1000,0.1000,INVERSE_T,0.0010,0.5000,0.9000,exp296
24.80389,29.97999,29.44747,0.8864975,0.8843623046875,0.886884033203125,rbm1,PF00240,99000,False,True,69,1000,None,0.1000,INVERSE_T,0.0010,0.5000,0.9000,exp293
24.98493,30.10383,29.57210,0.88548078125,0.8824202880859375,0.8860724487304688,rbm1,PF00240,99000,False,True,69,1000,None,0.1000,NONE,0.0010,0.5000,0.9000,exp131
26.21469,30.25677,29.80507,0.879386484375,0.8831738891601563,0.8835652465820313,rbm1,PF00240,99000,False,True,69,1000,None,0.0100,NONE,0.0010,0.5000,0.9000,exp158
24.76183,30.38454,30.10976,0.886690859375,0.8821738891601563,0.8827825927734375,rbm1,PF00240,79000,False,True,69,1000,None,0.5000,INVERSE_T,0.0010,0.5000,0.9000,exp266
9.20751,30.47365,29.63676,0.96486109375,0.8962608642578125,0.8986666870117187,dbm,PF00240,2000,True,False,69,1000,1000,0.5000,NONE,0.0010,0.5000,0.9000,exp101
4.33720,30.58967,30.52402,0.982659921875,0.8814058227539062,0.8826521606445312,dbm,PF00240,200000,False,False,69,500,500,0.1000,NONE,0.0010,0.5000,0.9000,exp125
29.14081,31.23301,30.72697,0.8655396875,0.8794347534179687,0.8803623046875,rbm1,PF00240,99000,False,True,69,1000,None,0.0100,INVERSE_T,0.0010,0.5000,0.9000,exp320
11.99722,31.24019,31.03642,0.948818046875,0.875840576171875,0.8754058227539062,dbm,PF00240,1000,False,False,69,500,500,0.0100,NONE,0.0010,0.5000,0.9000,exp152
6.85586,32.44682,32.22436,0.970796171875,0.8775652465820313,0.8781884155273437,dbm,PF00240,1000,True,False,69,1000,1000,0.0100,NONE,0.0010,0.5000,0.9000,exp155
29.99623,32.46059,31.85373,0.86123203125,0.8726521606445312,0.8730869750976562,rbm1,PF00240,6000,False,True,69,1000,None,0.5000,NONE,0.0010,0.5000,0.9000,exp104
7.81922,36.71275,36.44537,0.9669540625,0.8624492797851563,0.8644492797851563,dbm,PF00240,1000,True,False,69,500,500,0.1000,INVERSE_T,0.0010,0.5000,0.9000,exp281
3.44915,36.95419,36.38193,0.989447265625,0.8595507202148438,0.8622318725585938,dbm,PF00240,65000,True,False,69,1000,1000,0.1000,NONE,0.0010,0.5000,0.9000,exp128
40.59413,37.96265,37.27404,0.81556265625,0.8544347534179687,0.8582608642578125,rbm1,PF00240,99000,False,True,69,1000,None,0.0100,NONE,0.0010,0.0000,0.0000,exp482
48.08954,38.34245,37.66631,0.788436484375,0.8450289916992187,0.8483623046875,dbm,PF00240,4000,False,True,69,1000,1000,0.1000,NONE,0.0010,0.5000,0.9000,exp131
3.47616,38.51672,38.14725,0.986820390625,0.8652174072265625,0.8653478393554688,dbm,PF00240,1000,True,False,69,1000,1000,0.1000,INVERSE_T,0.0010,0.5000,0.9000,exp290
2.98373,38.66307,37.66745,0.990811796875,0.8528261108398437,0.8562318725585938,dbm,PF00240,49000,True,False,69,1000,1000,0.5000,INVERSE_T,0.0010,0.5000,0.9000,exp263
48.50934,38.70437,38.26054,0.78712046875,0.8428551025390625,0.845478271484375,dbm,PF00240,7000,False,True,69,1000,1000,0.1000,INVERSE_T,0.0010,0.5000,0.9000,exp293
51.87436,39.23981,38.79291,0.7712075,0.842797119140625,0.8444202880859375,dbm,PF00240,1000,False,True,69,1000,1000,0.5000,INVERSE_T,0.0010,0.5000,0.9000,exp266
49.28399,39.24453,39.04384,0.784229765625,0.8415072631835937,0.8417681274414063,dbm,PF00240,30000,False,True,69,1000,1000,0.0100,NONE,0.0010,0.5000,0.9000,exp158
52.74457,40.75329,40.61629,0.77068671875,0.8351014404296875,0.8344202880859375,dbm,PF00240,162000,False,True,69,1000,1000,0.0100,INVERSE_T,0.0010,0.5000,0.9000,exp320
38.01318,40.94479,40.16510,0.84020546875,0.8556087036132812,0.8581304321289063,rbm1,PF00240,99000,False,False,69,1000,None,0.0100,INVERSE_T,0.0100,0.5000,0.9000,exp242
38.16992,40.96211,40.53505,0.839140703125,0.8549420166015625,0.85531884765625,rbm1,PF00240,56000,False,False,69,1000,None,0.0100,NONE,0.0100,0.5000,0.9000,exp80
54.45255,41.25455,40.81336,0.76136078125,0.8323043212890625,0.8343043212890625,dbm,PF00240,1000,False,True,69,1000,1000,0.5000,NONE,0.0010,0.5000,0.9000,exp104
38.77514,41.25673,40.83731,0.83628671875,0.8530869750976563,0.8534347534179687,rbm1,PF00240,37000,False,False,69,1000,None,0.1000,NONE,0.0100,0.0000,0.0000,exp377
37.93799,41.41474,40.58317,0.839962265625,0.8526376953125,0.854797119140625,rbm1,PF00240,99000,False,False,69,1000,None,0.1000,INVERSE_T,0.0100,0.5000,0.9000,exp215
55.31319,43.25471,42.83502,0.760961875,0.8243333129882813,0.827159423828125,dbm,PF00240,200000,False,True,69,1000,1000,0.0100,NONE,0.0010,0.0000,0.0000,exp482
39.49970,43.42034,42.75805,0.83553703125,0.8464058227539063,0.8490724487304687,rbm1,PF00240,44000,True,False,69,1000,None,0.0100,INVERSE_T,0.0100,0.5000,0.9000,exp236
39.10484,43.42991,42.75402,0.837253515625,0.8465362548828125,0.8503333129882813,rbm1,PF00240,44000,True,False,69,1000,None,0.0100,NONE,0.0100,0.5000,0.9000,exp74
39.32345,43.58645,42.91714,0.8362675,0.8453768310546875,0.8481304321289063,rbm1,PF00240,44000,True,False,69,1000,None,0.1000,NONE,0.0100,0.0000,0.0000,exp371
38.69276,43.87270,43.04414,0.839278359375,0.8456376953125,0.8475072631835937,rbm1,PF00240,99000,True,False,69,1000,None,0.1000,INVERSE_T,0.0100,0.5000,0.9000,exp209
42.46115,44.68764,43.41746,0.8189003125,0.8342608642578125,0.839,rbm1,PF00240,4000,False,False,69,1000,None,0.1000,NONE,0.0100,0.5000,0.9000,exp53
42.62247,45.71983,44.55224,0.820761640625,0.8352463989257812,0.838275390625,rbm1,PF00240,4000,True,False,69,1000,None,0.1000,NONE,0.0100,0.5000,0.9000,exp47
42.64128,45.74220,45.33715,0.82409046875,0.8393623046875,0.8417681274414063,rbm1,PF00240,92000,False,False,69,500,None,0.0100,NONE,0.0100,0.5000,0.9000,exp71
41.60810,46.33979,45.42914,0.8254265625,0.8313043212890625,0.8352463989257812,rbm1,PF00240,99000,True,False,69,1000,None,0.5000,INVERSE_T,0.0100,0.5000,0.9000,exp182
43.23962,47.30331,46.80417,0.8224790625,0.8336956787109375,0.83595654296875,rbm1,PF00240,92000,True,False,69,500,None,0.0100,NONE,0.0100,0.5000,0.9000,exp65
43.15895,47.42094,46.93780,0.8229196875,0.8334492797851563,0.8356521606445313,rbm1,PF00240,92000,True,False,69,500,None,0.1000,INVERSE_T,0.0100,0.5000,0.9000,exp200
46.20280,48.38114,47.41952,0.806521953125,0.8245797119140625,0.8288261108398437,rbm1,PF00240,6000,False,False,69,500,None,0.1000,NONE,0.0100,0.5000,0.9000,exp44
50.82495,48.74626,48.43128,0.765023359375,0.8068261108398438,0.8076956787109375,rbm1,PF00240,92000,False,True,69,500,None,0.5000,NONE,0.0010,0.5000,0.9000,exp95
46.12962,49.34840,48.46079,0.808013515625,0.8215652465820312,0.8247101440429687,rbm1,PF00240,99000,False,False,69,1000,None,0.5000,INVERSE_T,0.0100,0.5000,0.9000,exp188
46.91808,49.69385,48.89666,0.8049225,0.8206231689453125,0.8246521606445313,rbm1,PF00240,91000,False,False,69,500,None,0.5000,INVERSE_T,0.0100,0.5000,0.9000,exp179
46.35457,49.75165,48.33747,0.80882828125,0.8152318725585938,0.8206376953125,rbm1,PF00240,64000,True,False,69,1000,None,0.5000,NONE,0.0100,0.0000,0.0000,exp344
50.22812,52.65522,51.81529,0.792716640625,0.8040724487304688,0.8056956787109375,rbm1,PF00240,87000,False,False,69,1000,None,0.5000,NONE,0.0100,0.0000,0.0000,exp350
67.67656,54.22174,53.52868,0.699122265625,0.7802898559570313,0.7841304321289062,dbm,PF00240,1000,False,True,69,500,500,0.5000,NONE,0.0010,0.5000,0.9000,exp95
52.37976,54.25848,53.41339,0.780275234375,0.7954202880859375,0.7987391357421875,rbm1,PF00240,2000,True,False,69,500,None,0.5000,NONE,0.0100,0.5000,0.9000,exp11
67.34040,54.95611,53.99469,0.712124140625,0.7913768310546875,0.7941738891601563,dbm,PF00240,2000,False,False,69,1000,1000,0.0100,NONE,0.0100,0.5000,0.9000,exp80
68.82046,55.27720,54.53148,0.708050546875,0.7884637451171875,0.790521728515625,dbm,PF00240,3000,False,False,69,1000,1000,0.0100,INVERSE_T,0.0100,0.5000,0.9000,exp242
58.61371,55.35876,54.56576,0.746710859375,0.7886666870117187,0.791115966796875,dbm,PF00240,3000,True,False,69,1000,1000,0.0100,INVERSE_T,0.0100,0.5000,0.9000,exp236
57.33284,55.63889,54.80607,0.750815390625,0.7898115844726562,0.7923768310546875,dbm,PF00240,1000,True,False,69,1000,1000,0.0100,NONE,0.0100,0.5000,0.9000,exp74
58.08369,57.10702,56.27730,0.755972265625,0.7849420166015625,0.7870289916992188,rbm1,PF00240,2000,False,False,69,500,None,0.5000,NONE,0.0100,0.5000,0.9000,exp17
59.98607,57.98064,57.19021,0.7406146875,0.7759420166015625,0.7785652465820313,dbm,PF00240,1000,True,False,69,1000,1000,0.1000,NONE,0.0100,0.0000,0.0000,exp371
70.11969,58.33091,57.60195,0.702962109375,0.775,0.7777825927734375,dbm,PF00240,3000,False,False,69,500,500,0.0100,NONE,0.0100,0.5000,0.9000,exp71
62.14274,58.39732,57.56567,0.7314634375,0.7800289916992188,0.7822463989257813,dbm,PF00240,1000,True,False,69,500,500,0.0100,NONE,0.0100,0.5000,0.9000,exp65
74.03143,58.91575,58.51761,0.693568984375,0.7675507202148437,0.768275390625,dbm,PF00240,162000,False,False,69,1000,1000,0.1000,INVERSE_T,0.0100,0.5000,0.9000,exp215
64.81719,61.40684,60.54655,0.722636328125,0.7624058227539062,0.7647825927734375,dbm,PF00240,1000,True,False,69,1000,1000,0.1000,INVERSE_T,0.0100,0.5000,0.9000,exp209
64.84040,61.65722,60.73831,0.7222675,0.7592608642578125,0.7620289916992188,dbm,PF00240,1000,True,False,69,1000,1000,0.1000,NONE,0.0100,0.5000,0.9000,exp47
75.45371,61.75301,60.94173,0.683003984375,0.758202880859375,0.760275390625,dbm,PF00240,1000,False,False,69,500,500,0.1000,NONE,0.0100,0.5000,0.9000,exp44
58.55526,61.92826,61.20203,0.739309140625,0.7440144653320313,0.7477101440429688,dbm,PF00240,200000,False,False,69,100,100,0.1000,NONE,0.0010,0.5000,0.9000,exp116
58.39923,62.14124,61.68196,0.73839984375,0.7425652465820313,0.746159423828125,dbm,PF00240,44000,True,False,69,100,100,0.0100,NONE,0.0010,0.5000,0.9000,exp137
59.76585,62.17170,61.63736,0.733499765625,0.7433478393554688,0.7457681274414063,dbm,PF00240,93000,True,False,69,100,100,0.0100,INVERSE_T,0.0010,0.5000,0.9000,exp299
65.81274,62.38458,61.56192,0.718389453125,0.759115966796875,0.7622174072265625,dbm,PF00240,1000,True,False,69,500,500,0.1000,INVERSE_T,0.0100,0.5000,0.9000,exp200
61.52681,62.93759,61.69826,0.7275125,0.738521728515625,0.7456231689453126,dbm,PF00240,7000,True,False,69,100,100,0.1000,NONE,0.0010,0.5000,0.9000,exp110
82.08991,63.21179,62.38294,0.66251765625,0.7468695678710937,0.7492898559570312,dbm,PF00240,1000,False,False,69,1000,1000,0.1000,NONE,0.0100,0.5000,0.9000,exp53
47.05466,63.42005,62.21620,0.785382421875,0.7411738891601563,0.7461448974609375,rbm1,PF00240,79000,False,False,69,100,None,0.0100,NONE,0.0010,0.5000,0.9000,exp143
58.07455,63.42073,62.29547,0.738581015625,0.7378695678710937,0.7426376953125,dbm,PF00240,7000,True,False,69,100,100,0.1000,INVERSE_T,0.0010,0.5000,0.9000,exp272
46.27729,63.78139,62.61120,0.787798671875,0.7396087036132812,0.744797119140625,rbm1,PF00240,79000,False,False,69,100,None,0.1000,NONE,0.0010,0.5000,0.9000,exp116
56.33803,64.21302,64.08962,0.74583421875,0.7361738891601562,0.736797119140625,dbm,PF00240,44000,True,False,69,100,100,0.5000,INVERSE_T,0.0010,0.5000,0.9000,exp245
87.26857,64.25495,63.65987,0.641292109375,0.7454492797851563,0.7484202880859375,dbm,PF00240,1000,False,False,69,1000,1000,0.1000,NONE,0.0100,0.0000,0.0000,exp377
62.94154,64.38384,63.44859,0.720040078125,0.7329420166015626,0.7364637451171875,dbm,PF00240,1000,True,False,69,100,100,0.5000,NONE,0.0010,0.5000,0.9000,exp83
50.13005,65.40576,64.00099,0.772100078125,0.7317536010742187,0.7359420166015626,rbm1,PF00240,79000,True,False,69,100,None,0.0100,INVERSE_T,0.0010,0.5000,0.9000,exp299
49.54648,65.51046,64.24164,0.77417,0.7313623046875,0.7348695678710937,rbm1,PF00240,44000,True,False,69,100,None,0.0100,NONE,0.0010,0.5000,0.9000,exp137
48.15147,65.99116,64.85566,0.779667578125,0.7302318725585938,0.7339710083007812,rbm1,PF00240,44000,True,False,69,100,None,0.1000,INVERSE_T,0.0010,0.5000,0.9000,exp272
57.73752,66.09280,65.36679,0.74442375,0.7309855346679688,0.7337536010742187,rbm1,PF00240,3000,True,False,69,100,None,0.1000,NONE,0.0010,0.5000,0.9000,exp110
48.17001,66.48479,65.60843,0.7799509375,0.7275362548828125,0.7295941772460938,rbm1,PF00240,79000,True,False,69,100,None,0.5000,INVERSE_T,0.0010,0.5000,0.9000,exp245
54.08753,67.01049,65.86776,0.754866484375,0.7247536010742187,0.7291884155273437,rbm1,PF00240,2000,True,False,69,100,None,0.5000,NONE,0.0010,0.5000,0.9000,exp83
51.76545,68.58159,67.55325,0.7621153125,0.7196376953125,0.723840576171875,dbm,PF00240,1000,False,False,69,100,100,0.0100,NONE,0.0010,0.5000,0.9000,exp143
75.53744,72.17057,71.29944,0.67820765625,0.7167391357421875,0.7196376953125,dbm,PF00240,200000,True,False,69,1000,1000,0.5000,INVERSE_T,0.0100,0.5000,0.9000,exp182
86.36197,75.25500,74.23247,0.6383742578125,0.7021884155273438,0.7056666870117188,dbm,PF00240,143000,False,False,69,1000,1000,0.5000,INVERSE_T,0.0100,0.5000,0.9000,exp188
86.80370,75.87452,74.77362,0.63622203125,0.6991448974609376,0.7039710083007813,dbm,PF00240,143000,False,False,69,500,500,0.5000,INVERSE_T,0.0100,0.5000,0.9000,exp179
87.52200,76.33882,74.96010,0.6345035546875,0.695840576171875,0.7021884155273438,dbm,PF00240,191000,False,False,69,1000,1000,0.5000,NONE,0.0100,0.0000,0.0000,exp350
75.53337,77.41152,76.18502,0.6901765625,0.7078261108398437,0.7123623046875,rbm1,PF00240,79000,False,False,69,100,None,0.1000,INVERSE_T,0.0100,0.5000,0.9000,exp197
75.89586,77.60991,76.48511,0.688694296875,0.7054347534179688,0.7110144653320313,rbm1,PF00240,79000,False,False,69,100,None,0.0100,NONE,0.0100,0.5000,0.9000,exp62
76.06795,77.90361,76.89128,0.6878978125,0.7030869750976563,0.7076087036132812,rbm1,PF00240,44000,True,False,69,100,None,0.1000,INVERSE_T,0.0100,0.5000,0.9000,exp191
76.08983,77.95936,76.79866,0.687396796875,0.7029130249023438,0.7080579833984375,rbm1,PF00240,79000,True,False,69,100,None,0.0100,NONE,0.0100,0.5000,0.9000,exp56
76.77639,78.23488,77.15916,0.68394109375,0.7009420166015625,0.7070144653320313,rbm1,PF00240,79000,False,False,69,100,None,0.5000,INVERSE_T,0.0100,0.5000,0.9000,exp170
76.62151,78.32741,77.14542,0.68471734375,0.7022608642578125,0.7067391357421875,rbm1,PF00240,79000,True,False,69,100,None,0.0100,INVERSE_T,0.0100,0.5000,0.9000,exp218
77.00921,78.50837,77.28945,0.682824609375,0.699202880859375,0.7042174072265625,rbm1,PF00240,79000,True,False,69,100,None,0.5000,NONE,0.0100,0.0000,0.0000,exp326
77.13249,78.51766,77.65754,0.68233453125,0.7010289916992187,0.7046231689453125,rbm1,PF00240,44000,True,False,69,100,None,0.1000,NONE,0.0100,0.5000,0.9000,exp29
77.01426,78.69882,77.50352,0.68315734375,0.6970144653320313,0.7042608642578125,rbm1,PF00240,79000,True,False,69,100,None,0.5000,INVERSE_T,0.0100,0.5000,0.9000,exp164
89.63722,80.42479,79.21434,0.62236515625,0.683275390625,0.6892174072265626,dbm,PF00240,4000,False,False,69,100,100,0.0100,NONE,0.0100,0.5000,0.9000,exp62
80.82950,80.57719,79.61369,0.6646609375,0.6876087036132813,0.6918695678710938,rbm1,PF00240,2000,False,False,69,100,None,0.5000,NONE,0.0100,0.5000,0.9000,exp8
89.95987,80.63162,79.57264,0.62085796875,0.682202880859375,0.6868551025390625,dbm,PF00240,1000,False,False,69,100,100,0.1000,INVERSE_T,0.0100,0.5000,0.9000,exp197
80.53884,80.67384,79.74277,0.666364609375,0.6892174072265626,0.6923912963867187,rbm1,PF00240,2000,True,False,69,100,None,0.5000,NONE,0.0100,0.5000,0.9000,exp2
88.81063,80.84009,79.62483,0.62479515625,0.6802463989257812,0.6855362548828124,dbm,PF00240,4000,True,False,69,100,100,0.0100,NONE,0.0100,0.5000,0.9000,exp56
86.01337,80.99062,80.35837,0.6356704296875,0.689521728515625,0.6929275512695312,rbm1,PF00240,56000,False,True,69,1000,None,0.1000,INVERSE_T,0.0100,0.5000,0.9000,exp212
86.00060,81.06680,80.51745,0.6355674609375,0.689275390625,0.6919130249023437,rbm1,PF00240,88000,False,True,69,1000,None,0.0100,NONE,0.0100,0.5000,0.9000,exp77
86.08778,81.11603,80.56805,0.635423125,0.6890579833984375,0.6915072631835938,rbm1,PF00240,88000,False,True,69,1000,None,0.1000,NONE,0.0100,0.0000,0.0000,exp374
89.10420,81.15391,80.04028,0.623423828125,0.6790144653320312,0.6848261108398438,dbm,PF00240,1000,True,False,69,100,100,0.1000,INVERSE_T,0.0100,0.5000,0.9000,exp191
89.66037,81.19670,80.03448,0.6214133984375,0.6782608642578125,0.6820289916992187,dbm,PF00240,7000,True,False,69,100,100,0.0100,INVERSE_T,0.0100,0.5000,0.9000,exp218
89.04063,81.32008,80.28763,0.6236904296875,0.6798551025390625,0.684202880859375,dbm,PF00240,1000,True,False,69,100,100,0.1000,NONE,0.0100,0.5000,0.9000,exp29
87.19163,81.44785,80.88415,0.63042375,0.685724609375,0.6883768310546875,rbm1,PF00240,56000,False,True,69,1000,None,0.1000,NONE,0.0100,0.5000,0.9000,exp50
86.59653,81.52439,80.97278,0.632725,0.68668115234375,0.6889855346679687,rbm1,PF00240,88000,False,True,69,1000,None,0.0100,INVERSE_T,0.0100,0.5000,0.9000,exp239
87.18556,81.65239,80.70866,0.6305490625,0.6874202880859375,0.6920289916992187,rbm1,PF00240,85000,False,True,69,1000,None,0.5000,INVERSE_T,0.0100,0.5000,0.9000,exp185
91.33900,81.69535,80.70317,0.615941015625,0.6740289916992187,0.6778261108398438,dbm,PF00240,143000,False,False,69,100,100,0.5000,INVERSE_T,0.0100,0.5000,0.9000,exp170
87.28819,81.91167,81.05298,0.6302692578125,0.684840576171875,0.6903043212890625,rbm1,PF00240,37000,False,True,69,1000,None,0.5000,NONE,0.0100,0.0000,0.0000,exp347
93.01688,82.03803,80.85337,0.6115405859375,0.667724609375,0.6716956787109375,dbm,PF00240,4000,False,False,69,500,500,0.5000,NONE,0.0100,0.5000,0.9000,exp17
89.02465,83.53963,82.24774,0.62159796875,0.676840576171875,0.6814492797851562,rbm1,PF00240,99000,False,True,69,1000,None,0.0100,NONE,0.0100,0.0000,0.0000,exp401
91.15711,83.67248,82.59939,0.6154056640625,0.6646956787109375,0.6687391357421875,dbm,PF00240,143000,True,False,69,100,100,0.5000,INVERSE_T,0.0100,0.5000,0.9000,exp164
94.91788,86.32681,86.00950,0.5993632421875,0.6520579833984375,0.6539420166015625,dbm,PF00240,62000,True,False,69,100,100,0.5000,NONE,0.0100,0.0000,0.0000,exp326
97.26683,88.23341,87.28050,0.5894304296875,0.6403768310546875,0.6439855346679687,dbm,PF00240,1000,True,False,69,100,100,0.5000,NONE,0.0100,0.5000,0.9000,exp2
98.28091,88.72319,87.61630,0.586132890625,0.6382174072265625,0.6439130249023437,dbm,PF00240,2000,False,False,69,100,100,0.5000,NONE,0.0100,0.5000,0.9000,exp8
93.73813,89.13194,88.14247,0.6016005859375,0.6513478393554688,0.6563912963867188,rbm1,PF00240,84000,False,True,69,500,None,0.0100,NONE,0.0100,0.5000,0.9000,exp68
94.65074,89.42927,88.38563,0.59762203125,0.6491304321289062,0.6536521606445312,rbm1,PF00240,50000,False,True,69,500,None,0.1000,NONE,0.0100,0.5000,0.9000,exp41
100.05755,95.22996,94.17007,0.5518755859375,0.5958551025390625,0.602202880859375,rbm1,PF00240,44000,False,True,69,100,None,0.1000,NONE,0.0010,0.5000,0.9000,exp113
104.88085,95.34160,95.13759,0.535010859375,0.5947825927734375,0.5967681274414063,dbm,PF00240,62000,False,True,69,100,100,0.1000,NONE,0.0010,0.5000,0.9000,exp113
105.04475,95.38551,95.02099,0.5339206640625,0.592884033203125,0.5963768310546875,dbm,PF00240,62000,False,True,69,100,100,0.0100,NONE,0.0010,0.5000,0.9000,exp140
100.31823,95.75713,94.60913,0.55096578125,0.59068115234375,0.59768115234375,rbm1,PF00240,79000,False,True,69,100,None,0.0100,NONE,0.0010,0.5000,0.9000,exp140
102.14147,96.62252,95.91943,0.543743984375,0.5877681274414063,0.5943623046875,rbm1,PF00240,3000,False,True,69,100,None,0.5000,NONE,0.0010,0.5000,0.9000,exp86
106.38379,96.75939,95.58419,0.52808,0.5863623046875,0.5939275512695312,dbm,PF00240,4000,False,True,69,100,100,0.5000,NONE,0.0010,0.5000,0.9000,exp86
109.71886,98.85537,97.78980,0.5245544140625,0.6125362548828125,0.6197825927734375,dbm,PF00240,1000,False,True,69,1000,1000,0.0100,NONE,0.0100,0.5000,0.9000,exp77
110.41861,99.26254,98.20622,0.521198984375,0.6102608642578125,0.6173478393554688,dbm,PF00240,1000,False,True,69,1000,1000,0.0100,INVERSE_T,0.0100,0.5000,0.9000,exp239
7.75561,10.13304,10.34728,0.9720635,0.9676345703125,0.96696787109375,rbm1,PF00595,9000,False,False,81,1000,None,0.1000,NONE,0.0010,0.5000,0.9000,exp135
6.55349,10.17013,10.26622,0.97743225,0.96767412109375,0.96798515625,rbm1,PF00595,100000,False,False,81,1000,None,0.5000,INVERSE_T,0.0010,0.5000,0.9000,exp270
10.83545,10.86162,10.91044,0.959161875,0.9622962890625,0.96266171875,dbm,PF00595,101000,False,False,81,1000,1000,0.1000,NONE,0.0010,0.5000,0.9000,exp135
110.30806,100.10316,100.62921,0.5935338125,0.66312099609375,0.660864208984375,rbm1,PF00595,100000,False,True,81,1000,None,0.1000,INVERSE_T,0.0100,0.5000,0.9000,exp213
110.99816,100.27077,100.79239,0.5909885625,0.66211357421875,0.659535791015625,rbm1,PF00595,100000,False,True,81,1000,None,0.1000,NONE,0.0100,0.5000,0.9000,exp51
115.17201,100.34411,100.58061,0.579724375,0.65452841796875,0.653239501953125,dbm,PF00595,1000,False,False,81,100,100,0.1000,NONE,0.0100,0.5000,0.9000,exp36
110.58994,100.36826,100.88863,0.592362375,0.661525927734375,0.6592345703125,rbm1,PF00595,100000,False,True,81,1000,None,0.0100,NONE,0.0100,0.5000,0.9000,exp78
115.07272,100.39811,100.60014,0.57961425,0.653925927734375,0.653545703125,dbm,PF00595,1000,False,False,81,100,100,0.1000,INVERSE_T,0.0100,0.5000,0.9000,exp198
114.83782,100.42808,100.68484,0.5789805,0.654716064453125,0.653466650390625,dbm,PF00595,4000,False,False,81,100,100,0.0100,NONE,0.0100,0.5000,0.9000,exp63
114.48071,100.44418,100.66834,0.581625625,0.6532,0.652281494140625,dbm,PF00595,1000,True,False,81,100,100,0.1000,NONE,0.0100,0.5000,0.9000,exp30
110.92535,100.45689,100.98095,0.5911849375,0.661491357421875,0.658992578125,rbm1,PF00595,100000,False,True,81,1000,None,0.5000,INVERSE_T,0.0100,0.5000,0.9000,exp186
113.94974,100.56066,100.98349,0.580143,0.652933349609375,0.651402490234375,dbm,PF00595,3000,True,False,81,100,100,0.0100,NONE,0.0100,0.5000,0.9000,exp57
114.36563,100.66771,100.90459,0.58037475,0.650839501953125,0.649866650390625,dbm,PF00595,1000,True,False,81,100,100,0.1000,INVERSE_T,0.0100,0.5000,0.9000,exp192
111.36242,101.18903,101.70889,0.588985,0.6574271484375,0.655298779296875,rbm1,PF00595,100000,False,True,81,1000,None,0.0100,INVERSE_T,0.0100,0.5000,0.9000,exp240
116.70923,101.50115,101.91209,0.573609625,0.646222216796875,0.644592578125,dbm,PF00595,183000,False,False,81,500,500,0.5000,INVERSE_T,0.0100,0.5000,0.9000,exp180
115.50262,101.76132,102.05114,0.5742966875,0.646197509765625,0.644977783203125,dbm,PF00595,11000,True,False,81,100,100,0.0100,NONE,0.0100,0.0000,0.0000,exp381
113.17918,102.58182,102.70081,0.582757375,0.6486271484375,0.64792099609375,rbm1,PF00595,4000,False,True,81,1000,None,0.5000,NONE,0.0100,0.5000,0.9000,exp24
117.35902,102.71589,103.13591,0.5706279375,0.640395068359375,0.639101220703125,dbm,PF00595,183000,False,False,81,1000,1000,0.5000,INVERSE_T,0.0100,0.5000,0.9000,exp189
116.49270,103.40103,103.90290,0.5724291875,0.63693828125,0.6345728515625,dbm,PF00595,121000,True,False,81,100,100,0.5000,INVERSE_T,0.0100,0.5000,0.9000,exp165
118.13028,103.59754,104.21156,0.56807725,0.6382419921875,0.634977783203125,dbm,PF00595,121000,False,False,81,100,100,0.5000,INVERSE_T,0.0100,0.5000,0.9000,exp171
119.56950,103.68734,103.92004,0.5622621875,0.633560498046875,0.632716064453125,dbm,PF00595,2000,False,False,81,1000,1000,0.5000,NONE,0.0100,0.5000,0.9000,exp27
122.49166,105.09018,105.40348,0.5524030625,0.6282765625,0.627412353515625,dbm,PF00595,54000,True,False,81,500,500,0.5000,NONE,0.0100,0.0000,0.0000,exp336
117.18405,108.57126,109.18235,0.5653634375,0.625377783203125,0.62347158203125,rbm1,PF00595,81000,False,True,81,500,None,0.1000,INVERSE_T,0.0100,0.5000,0.9000,exp204
122.09525,108.70376,109.13366,0.5495091875,0.608429638671875,0.606414794921875,dbm,PF00595,3000,False,False,81,100,100,0.5000,NONE,0.0100,0.5000,0.9000,exp9
117.69934,108.72660,109.22671,0.5633294375,0.6241234375,0.622083935546875,rbm1,PF00595,64000,False,True,81,500,None,0.1000,NONE,0.0100,0.5000,0.9000,exp42
117.57090,108.85421,109.24447,0.5638571875,0.62294814453125,0.62192099609375,rbm1,PF00595,94000,False,True,81,500,None,0.5000,INVERSE_T,0.0100,0.5000,0.9000,exp177
117.68151,108.93961,109.53904,0.5637688125,0.62252841796875,0.62044443359375,rbm1,PF00595,81000,False,True,81,500,None,0.5000,NONE,0.0100,0.0000,0.0000,exp339
117.48526,108.97567,109.32349,0.56397225,0.62327900390625,0.621901220703125,rbm1,PF00595,98000,False,True,81,500,None,0.1000,NONE,0.0100,0.0000,0.0000,exp366
8.77889,11.94430,12.07519,0.9671809375,0.9609580078125,0.95970859375,rbm1,PF00595,7000,False,False,81,1000,None,0.5000,NONE,0.0010,0.5000,0.9000,exp108
118.36362,110.09205,110.44345,0.559838375,0.61710615234375,0.615930859375,rbm1,PF00595,98000,False,True,81,500,None,0.0100,INVERSE_T,0.0100,0.5000,0.9000,exp231
119.35676,110.18360,110.83375,0.5569,0.618869140625,0.616301220703125,rbm1,PF00595,4000,False,True,81,500,None,0.5000,NONE,0.0100,0.5000,0.9000,exp15
121.25099,113.39288,113.76719,0.547180125,0.599219775390625,0.59812841796875,rbm1,PF00595,98000,False,True,81,500,None,0.0100,NONE,0.0100,0.0000,0.0000,exp393
273.24931,114.85131,115.17676,0.45885790625,0.579792578125,0.578883935546875,dbm,PF00595,1000,True,False,81,500,500,0.5000,NONE,0.0100,0.5000,0.9000,exp12
122.94675,115.05480,115.53730,0.52360678125,0.5662765625,0.564933349609375,rbm1,PF00595,59000,False,True,81,100,None,0.1000,NONE,0.0010,0.5000,0.9000,exp114
123.73607,115.12481,115.40685,0.52094853125,0.567145703125,0.56720986328125,rbm1,PF00595,100000,False,True,81,100,None,0.5000,NONE,0.0010,0.5000,0.9000,exp87
123.48597,115.99165,116.29929,0.5216019375,0.5627111328125,0.56178271484375,rbm1,PF00595,100000,False,True,81,100,None,0.0100,NONE,0.0010,0.5000,0.9000,exp141
128.66991,116.21549,116.39506,0.50422903125,0.564380224609375,0.563960498046875,dbm,PF00595,1000,False,True,81,100,100,0.5000,NONE,0.0010,0.5000,0.9000,exp87
127.55061,116.22407,116.60802,0.5078259375,0.562039501953125,0.562039501953125,dbm,PF00595,183000,False,True,81,100,100,0.0100,NONE,0.0010,0.5000,0.9000,exp141
128.22400,116.41267,116.88088,0.50510640625,0.561007421875,0.5605580078125,dbm,PF00595,3000,False,True,81,100,100,0.1000,NONE,0.0010,0.5000,0.9000,exp114
131.07980,117.84214,118.15993,0.5079840625,0.588829638671875,0.5882271484375,dbm,PF00595,1000,False,True,81,1000,1000,0.0100,NONE,0.0100,0.5000,0.9000,exp78
131.57302,118.30765,118.61320,0.50587240625,0.586019775390625,0.5858271484375,dbm,PF00595,1000,False,True,81,1000,1000,0.0100,INVERSE_T,0.0100,0.5000,0.9000,exp240
16.68363,12.36916,12.41338,0.9374713125,0.9572345703125,0.9570123046875,dbm,PF00595,193000,False,False,81,1000,1000,0.5000,INVERSE_T,0.0010,0.5000,0.9000,exp270
8.10520,12.60226,12.74831,0.9721046875,0.9599802734375,0.9596197265625,rbm1,PF00595,100000,True,False,81,1000,None,0.0100,INVERSE_T,0.0010,0.5000,0.9000,exp318
7.69997,12.60455,12.71842,0.9739154375,0.95999501953125,0.959792578125,rbm1,PF00595,55000,True,False,81,1000,None,0.0100,NONE,0.0010,0.5000,0.9000,exp156
8.15509,12.68605,12.87356,0.9718050625,0.959669140625,0.9594814453125,rbm1,PF00595,9000,True,False,81,1000,None,0.1000,INVERSE_T,0.0010,0.5000,0.9000,exp291
8.00073,12.70569,12.89334,0.972463875,0.95959501953125,0.95946669921875,rbm1,PF00595,9000,True,False,81,1000,None,0.1000,NONE,0.0010,0.5000,0.9000,exp129
8.02341,12.82060,12.97293,0.97260775,0.95979755859375,0.95921484375,rbm1,PF00595,9000,True,False,81,1000,None,0.5000,NONE,0.0010,0.0000,0.0000,exp426
133.99899,123.08553,123.41917,0.49397240625,0.56011357421875,0.5600888671875,dbm,PF00595,1000,False,True,81,500,500,0.0100,INVERSE_T,0.0100,0.5000,0.9000,exp231
132.34177,124.13949,124.62483,0.501999,0.5473728515625,0.546237060546875,dbm,PF00595,1000,False,True,81,1000,1000,0.1000,INVERSE_T,0.0100,0.5000,0.9000,exp213
132.24972,124.35219,124.85022,0.50228459375,0.545595068359375,0.544602490234375,dbm,PF00595,1000,False,True,81,1000,1000,0.1000,NONE,0.0100,0.5000,0.9000,exp51
133.68285,124.63568,125.05338,0.495659,0.546953076171875,0.546439501953125,dbm,PF00595,1000,False,True,81,500,500,0.1000,NONE,0.0100,0.0000,0.0000,exp366
134.98483,125.10894,125.80346,0.49001075,0.545812353515625,0.544760498046875,dbm,PF00595,3000,False,True,81,500,500,0.0100,NONE,0.0100,0.0000,0.0000,exp393
134.20467,126.60756,127.08485,0.4933008125,0.5353728515625,0.534646923828125,dbm,PF00595,1000,False,True,81,500,500,0.1000,INVERSE_T,0.0100,0.5000,0.9000,exp204
134.15929,126.80903,127.29881,0.49340771875,0.534029638671875,0.533481494140625,dbm,PF00595,1000,False,True,81,500,500,0.1000,NONE,0.0100,0.5000,0.9000,exp42
135.06629,128.16461,129.08621,0.48706703125,0.522108642578125,0.51987158203125,dbm,PF00595,121000,False,True,81,1000,1000,0.5000,INVERSE_T,0.0100,0.5000,0.9000,exp186
135.66170,128.73157,129.31239,0.4874383125,0.519669140625,0.516883935546875,dbm,PF00595,1000,False,True,81,1000,1000,0.5000,NONE,0.0100,0.5000,0.9000,exp24
136.12829,129.71132,130.26003,0.48447265625,0.5166271484375,0.51524443359375,dbm,PF00595,1000,False,True,81,500,500,0.5000,INVERSE_T,0.0100,0.5000,0.9000,exp177
136.30730,129.80450,130.72869,0.48217515625,0.5146271484375,0.512577783203125,dbm,PF00595,121000,False,True,81,500,500,0.5000,NONE,0.0100,0.0000,0.0000,exp339
136.16555,129.90367,130.44384,0.48426034375,0.5166271484375,0.514735791015625,dbm,PF00595,1000,False,True,81,500,500,0.5000,NONE,0.0100,0.5000,0.9000,exp15
6.70435,13.18294,13.36817,0.9784866875,0.958316015625,0.95797041015625,rbm1,PF00595,100000,True,False,81,1000,None,0.5000,INVERSE_T,0.0010,0.5000,0.9000,exp264
8.24900,13.32197,13.35697,0.9711535,0.95773828125,0.95720986328125,rbm1,PF00595,4000,True,False,81,1000,None,0.5000,NONE,0.0010,0.5000,0.9000,exp102
10.19554,13.97187,14.14229,0.965201875,0.9566123046875,0.95610859375,rbm1,PF00595,98000,False,False,81,500,None,0.1000,INVERSE_T,0.0010,0.5000,0.9000,exp288
18.91157,13.97296,14.04540,0.929172,0.95125927734375,0.9518765625,dbm,PF00595,183000,False,False,81,500,500,0.1000,INVERSE_T,0.0010,0.5000,0.9000,exp288
136.28072,132.37986,133.02031,0.48261284375,0.50675556640625,0.504197509765625,rbm1,PF00595,59000,False,True,81,100,None,0.1000,INVERSE_T,0.0100,0.5000,0.9000,exp195
136.43246,132.48979,132.85815,0.48205953125,0.505935791015625,0.504804931640625,rbm1,PF00595,84000,False,True,81,100,None,0.1000,NONE,0.0100,0.5000,0.9000,exp33
136.38226,132.49445,132.98298,0.48250125,0.5068345703125,0.50550615234375,rbm1,PF00595,90000,False,True,81,100,None,0.5000,INVERSE_T,0.0100,0.5000,0.9000,exp168
136.48976,132.77985,133.24793,0.4814354375,0.504602490234375,0.5025580078125,rbm1,PF00595,90000,False,True,81,100,None,0.0100,NONE,0.0100,0.5000,0.9000,exp60
137.05816,132.97842,133.41751,0.47913040625,0.503387646484375,0.50202470703125,rbm1,PF00595,4000,False,True,81,100,None,0.5000,NONE,0.0100,0.5000,0.9000,exp6
147.35843,135.43556,136.04802,0.4577466875,0.50338271484375,0.502083935546875,dbm,PF00595,8000,True,False,81,1000,1000,0.5000,NONE,0.0100,0.0000,0.0000,exp345
141.62208,136.71656,137.49556,0.45934203125,0.48839013671875,0.484350634765625,dbm,PF00595,3000,False,True,81,100,100,0.0100,NONE,0.0100,0.5000,0.9000,exp60
141.72178,137.00974,137.43020,0.45916446875,0.48658271484375,0.484730859375,dbm,PF00595,1000,False,True,81,100,100,0.1000,INVERSE_T,0.0100,0.5000,0.9000,exp195
141.69709,137.08900,137.50750,0.45936375,0.48687900390625,0.484701220703125,dbm,PF00595,1000,False,True,81,100,100,0.1000,NONE,0.0100,0.5000,0.9000,exp33
142.30115,138.00134,138.80908,0.4567514375,0.479708642578125,0.47637529296875,dbm,PF00595,121000,False,True,81,100,100,0.5000,INVERSE_T,0.0100,0.5000,0.9000,exp168
142.39779,138.23747,138.61121,0.45677421875,0.48072099609375,0.478449365234375,dbm,PF00595,1000,False,True,81,100,100,0.5000,NONE,0.0100,0.5000,0.9000,exp6
10.22504,14.01036,14.22889,0.9647734375,0.9560494140625,0.95518515625,rbm1,PF00595,98000,False,False,81,500,None,0.5000,NONE,0.0010,0.0000,0.0000,exp423
10.00146,14.14832,14.29014,0.9657954375,0.95598515625,0.95520986328125,rbm1,PF00595,98000,False,False,81,500,None,0.5000,INVERSE_T,0.0010,0.5000,0.9000,exp261
10.26851,14.19910,14.39722,0.964550875,0.9555654296875,0.95485927734375,rbm1,PF00595,67000,False,False,81,500,None,0.1000,NONE,0.0010,0.5000,0.9000,exp126
10.94857,14.23120,14.40657,0.9617706875,0.955654296875,0.9550271484375,rbm1,PF00595,98000,False,False,81,500,None,0.0100,NONE,0.0010,0.5000,0.9000,exp153
18.53747,14.53749,14.60052,0.930556125,0.9495111328125,0.949530859375,dbm,PF00595,187000,False,False,81,500,500,0.1000,NONE,0.0010,0.5000,0.9000,exp126
19.84697,14.75936,14.99627,0.9257853125,0.94913583984375,0.94812841796875,dbm,PF00595,121000,False,False,81,500,500,0.0100,NONE,0.0010,0.5000,0.9000,exp153
12.32856,14.84297,15.03347,0.955519375,0.95329384765625,0.9526765625,rbm1,PF00595,98000,False,False,81,500,None,0.0100,INVERSE_T,0.0010,0.5000,0.9000,exp315
23.91451,15.38692,15.52158,0.9118819375,0.9464888671875,0.94661728515625,dbm,PF00595,200000,False,False,81,500,500,0.0100,INVERSE_T,0.0010,0.5000,0.9000,exp315
23.13772,15.72864,15.86484,0.91431325,0.94496298828125,0.94503701171875,dbm,PF00595,200000,False,False,81,500,500,0.5000,INVERSE_T,0.0010,0.5000,0.9000,exp261
10.78662,16.72150,16.80979,0.96323625,0.94668642578125,0.94644443359375,rbm1,PF00595,98000,True,False,81,500,None,0.1000,INVERSE_T,0.0010,0.5000,0.9000,exp282
11.50911,16.76622,16.93905,0.9598633125,0.94641484375,0.9457728515625,rbm1,PF00595,98000,True,False,81,500,None,0.1000,NONE,0.0010,0.0000,0.0000,exp444
10.46958,16.78890,17.02289,0.9646125,0.94629140625,0.94547158203125,rbm1,PF00595,94000,True,False,81,500,None,0.5000,INVERSE_T,0.0010,0.5000,0.9000,exp255
6.37014,16.80857,16.74218,0.9753651875,0.94112587890625,0.9418814453125,dbm,PF00595,32000,False,False,81,1000,1000,0.0100,NONE,0.0010,0.5000,0.9000,exp162
11.54397,16.85506,16.94917,0.959726625,0.94638515625,0.94616787109375,rbm1,PF00595,98000,True,False,81,500,None,0.0100,NONE,0.0010,0.5000,0.9000,exp147
10.64653,16.90992,17.07412,0.963707875,0.945654296875,0.945792578125,rbm1,PF00595,98000,True,False,81,500,None,0.1000,NONE,0.0010,0.5000,0.9000,exp120
24.08486,17.20825,17.10978,0.912763375,0.94004443359375,0.9401185546875,dbm,PF00595,6000,False,False,81,1000,1000,0.5000,NONE,0.0010,0.5000,0.9000,exp108
13.03174,17.28337,17.41494,0.952942625,0.9449234375,0.94442470703125,rbm1,PF00595,98000,True,False,81,500,None,0.0100,INVERSE_T,0.0010,0.5000,0.9000,exp309
657.70515,176.18942,176.32825,0.30664546875,0.3973975341796875,0.3968543212890625,dbm,PF00595,1000,True,False,81,1000,1000,0.5000,NONE,0.0100,0.5000,0.9000,exp21
26.30658,18.43987,18.63316,0.9055183125,0.93512587890625,0.93458271484375,dbm,PF00595,183000,False,False,81,500,500,0.5000,NONE,0.0010,0.0000,0.0000,exp423
21.26642,19.07183,19.13397,0.9193773125,0.9349728515625,0.93447900390625,dbm,PF00595,183000,True,False,81,500,500,0.0100,INVERSE_T,0.0010,0.5000,0.9000,exp309
18.35502,19.16244,18.89377,0.931538125,0.93570859375,0.9364494140625,dbm,PF00595,4000,True,False,81,1000,1000,0.5000,INVERSE_T,0.0010,0.5000,0.9000,exp264
23.44933,19.17845,19.18558,0.9122391875,0.93399013671875,0.93400498046875,dbm,PF00595,200000,True,False,81,500,500,0.0100,NONE,0.0010,0.0000,0.0000,exp471
22.31429,20.29678,20.27931,0.9155619375,0.92997529296875,0.92976787109375,dbm,PF00595,2000,True,False,81,500,500,0.5000,INVERSE_T,0.0010,0.5000,0.9000,exp255
18.85092,20.59985,20.73618,0.928585,0.93362470703125,0.93314072265625,rbm1,PF00595,98000,True,False,81,500,None,0.0100,NONE,0.0010,0.0000,0.0000,exp471
8.12579,20.88337,21.04785,0.9682770625,0.9292345703125,0.9289234375,dbm,PF00595,121000,True,False,81,1000,1000,0.0100,INVERSE_T,0.0010,0.5000,0.9000,exp318
16.98761,21.72746,21.82143,0.934126375,0.925846875,0.926192578125,dbm,PF00595,32000,True,False,81,500,500,0.1000,NONE,0.0010,0.0000,0.0000,exp444
5.45536,22.61457,22.60878,0.9798353125,0.9224,0.922730859375,dbm,PF00595,32000,True,False,81,1000,1000,0.0100,NONE,0.0010,0.5000,0.9000,exp156
8.13644,23.22824,23.15357,0.97348975,0.92190126953125,0.9225431640625,dbm,PF00595,12000,True,False,81,1000,1000,0.5000,NONE,0.0010,0.0000,0.0000,exp426
5.22183,23.82754,23.77839,0.9810561875,0.918246875,0.91948642578125,dbm,PF00595,11000,True,False,81,1000,1000,0.1000,INVERSE_T,0.0010,0.5000,0.9000,exp291
5.30965,24.04573,24.01469,0.9804565625,0.9184345703125,0.91892841796875,dbm,PF00595,5000,True,False,81,1000,1000,0.1000,NONE,0.0010,0.5000,0.9000,exp129
13.98459,24.17785,24.14951,0.9456331875,0.91700244140625,0.917283984375,dbm,PF00595,32000,True,False,81,500,500,0.1000,INVERSE_T,0.0010,0.5000,0.9000,exp282
14.84906,24.95829,24.85008,0.9423525,0.9136345703125,0.91463212890625,dbm,PF00595,19000,True,False,81,500,500,0.1000,NONE,0.0010,0.5000,0.9000,exp120
22.89746,25.28804,25.39403,0.91122975,0.91266171875,0.9132345703125,dbm,PF00595,5000,True,False,81,500,500,0.0100,NONE,0.0010,0.5000,0.9000,exp147
46.63506,31.79942,32.09432,0.817621125,0.9048345703125,0.90482470703125,rbm1,PF00595,100000,False,True,81,1000,None,0.1000,NONE,0.0010,0.5000,0.9000,exp132
46.23591,31.86390,32.17397,0.819193125,0.90456298828125,0.9046765625,rbm1,PF00595,100000,False,True,81,1000,None,0.5000,INVERSE_T,0.0010,0.5000,0.9000,exp267
46.97094,32.17593,32.46693,0.8163605,0.90366416015625,0.90400986328125,rbm1,PF00595,100000,False,True,81,1000,None,0.1000,INVERSE_T,0.0010,0.5000,0.9000,exp294
49.31058,33.51684,33.82047,0.8077180625,0.89973828125,0.89927412109375,rbm1,PF00595,100000,False,True,81,1000,None,0.0100,NONE,0.0010,0.5000,0.9000,exp159
50.19796,34.13842,34.39145,0.8046311875,0.8937876953125,0.8944345703125,rbm1,PF00595,97000,False,True,81,1000,None,0.5000,NONE,0.0010,0.5000,0.9000,exp105
81.74372,46.62548,46.93399,0.7037345625,0.84710126953125,0.84773330078125,dbm,PF00595,3000,False,True,81,1000,1000,0.1000,NONE,0.0010,0.5000,0.9000,exp132
82.80097,47.38262,47.68835,0.69951375,0.84525927734375,0.84600986328125,dbm,PF00595,3000,False,True,81,1000,1000,0.1000,INVERSE_T,0.0010,0.5000,0.9000,exp294
83.51945,47.41982,47.57615,0.69596625,0.8438123046875,0.84411357421875,dbm,PF00595,1000,False,True,81,1000,1000,0.5000,INVERSE_T,0.0010,0.5000,0.9000,exp267
82.96602,47.79204,48.03905,0.6980903125,0.84250859375,0.84270615234375,dbm,PF00595,1000,False,True,81,1000,1000,0.5000,NONE,0.0010,0.5000,0.9000,exp105
57.27064,48.04341,48.36925,0.7932855625,0.858083984375,0.85837529296875,rbm1,PF00595,100000,False,False,81,1000,None,0.1000,INVERSE_T,0.0100,0.5000,0.9000,exp216
57.81736,48.18997,48.47871,0.791460125,0.85874072265625,0.859446875,rbm1,PF00595,100000,False,False,81,1000,None,0.0100,INVERSE_T,0.0100,0.5000,0.9000,exp243
84.56004,49.18199,49.41382,0.694031,0.8386962890625,0.83906669921875,dbm,PF00595,11000,False,True,81,1000,1000,0.0100,NONE,0.0010,0.5000,0.9000,exp159
61.21025,50.82358,51.03394,0.7783118125,0.844592578125,0.84604443359375,rbm1,PF00595,5000,False,False,81,1000,None,0.1000,NONE,0.0100,0.5000,0.9000,exp54
58.91166,50.90538,51.26304,0.7884769375,0.850330859375,0.85092841796875,rbm1,PF00595,100000,True,False,81,1000,None,0.1000,INVERSE_T,0.0100,0.5000,0.9000,exp210
58.91634,50.93769,51.26938,0.788373875,0.8505185546875,0.8509876953125,rbm1,PF00595,100000,True,False,81,1000,None,0.0100,NONE,0.0100,0.5000,0.9000,exp75
59.09419,50.97312,51.30231,0.78776025,0.850069140625,0.8503654296875,rbm1,PF00595,100000,True,False,81,1000,None,0.1000,NONE,0.0100,0.0000,0.0000,exp372
59.41578,51.08221,51.40245,0.7864663125,0.8501580078125,0.850607421875,rbm1,PF00595,100000,True,False,81,1000,None,0.0100,INVERSE_T,0.0100,0.5000,0.9000,exp237
61.26832,52.05477,52.35434,0.7795815625,0.8462765625,0.846345703125,rbm1,PF00595,100000,True,False,81,1000,None,0.0100,NONE,0.0100,0.0000,0.0000,exp399
61.59795,52.79663,53.10724,0.778839125,0.841353125,0.8413580078125,rbm1,PF00595,100000,True,False,81,1000,None,0.5000,INVERSE_T,0.0100,0.5000,0.9000,exp183
61.29029,52.82188,53.14108,0.7795459375,0.8405580078125,0.8407505859375,rbm1,PF00595,100000,True,False,81,1000,None,0.1000,NONE,0.0100,0.5000,0.9000,exp48
72.53609,53.32066,53.79974,0.718780875,0.83286416015625,0.8329185546875,rbm1,PF00595,98000,False,True,81,500,None,0.5000,INVERSE_T,0.0010,0.5000,0.9000,exp258
72.98747,53.48174,53.88352,0.7166405,0.832083984375,0.83226171875,rbm1,PF00595,98000,False,True,81,500,None,0.1000,NONE,0.0010,0.5000,0.9000,exp123
73.21240,54.15968,54.54947,0.7159000625,0.8303654296875,0.8299654296875,rbm1,PF00595,98000,False,True,81,500,None,0.1000,INVERSE_T,0.0010,0.5000,0.9000,exp285
73.30003,54.21761,54.60536,0.7158716875,0.8303111328125,0.82976298828125,rbm1,PF00595,98000,False,True,81,500,None,0.5000,NONE,0.0010,0.0000,0.0000,exp420
63.62671,54.79508,55.10011,0.772776125,0.839353125,0.83940244140625,rbm1,PF00595,98000,False,False,81,500,None,0.1000,INVERSE_T,0.0100,0.5000,0.9000,exp207
64.00779,55.05721,55.37504,0.7713376875,0.8387505859375,0.83910126953125,rbm1,PF00595,98000,False,False,81,500,None,0.0100,NONE,0.0100,0.5000,0.9000,exp72
64.15578,55.16314,55.45321,0.7706630625,0.83809873046875,0.83847412109375,rbm1,PF00595,98000,False,False,81,500,None,0.1000,NONE,0.0100,0.0000,0.0000,exp369
64.72671,55.54537,55.82281,0.768540625,0.83733330078125,0.8375111328125,rbm1,PF00595,98000,False,False,81,500,None,0.0100,INVERSE_T,0.0100,0.5000,0.9000,exp234
76.28195,56.06173,56.40372,0.7056341875,0.81949140625,0.81976298828125,rbm1,PF00595,66000,False,True,81,500,None,0.5000,NONE,0.0010,0.5000,0.9000,exp96
65.59620,56.39850,56.65174,0.764787375,0.82987158203125,0.83004443359375,rbm1,PF00595,98000,False,False,81,500,None,0.1000,NONE,0.0100,0.5000,0.9000,exp45
64.68189,56.54543,56.86957,0.769273875,0.83397529296875,0.833683984375,rbm1,PF00595,98000,True,False,81,500,None,0.1000,INVERSE_T,0.0100,0.5000,0.9000,exp201
75.34756,56.73431,57.15215,0.7085953125,0.81998515625,0.81957529296875,rbm1,PF00595,98000,False,True,81,500,None,0.0100,NONE,0.0010,0.5000,0.9000,exp150
64.98169,56.74412,57.06879,0.7680708125,0.83376787109375,0.833422265625,rbm1,PF00595,98000,True,False,81,500,None,0.0100,NONE,0.0100,0.5000,0.9000,exp66
65.07241,56.79579,57.12828,0.7677390625,0.83273583984375,0.8331654296875,rbm1,PF00595,98000,True,False,81,500,None,0.1000,NONE,0.0100,0.0000,0.0000,exp363
67.03169,57.13531,57.41028,0.7599948125,0.8309234375,0.83112099609375,rbm1,PF00595,98000,False,False,81,500,None,0.0100,NONE,0.0100,0.0000,0.0000,exp396
65.67413,57.14860,57.47892,0.765376875,0.83209384765625,0.83207900390625,rbm1,PF00595,98000,True,False,81,500,None,0.0100,INVERSE_T,0.0100,0.5000,0.9000,exp228
66.35641,57.89921,58.24860,0.7628473125,0.82716044921875,0.8277234375,rbm1,PF00595,98000,True,False,81,500,None,0.1000,NONE,0.0100,0.5000,0.9000,exp39
66.48550,58.04442,58.35781,0.7627974375,0.82708642578125,0.82719013671875,rbm1,PF00595,98000,True,False,81,500,None,0.5000,INVERSE_T,0.0100,0.5000,0.9000,exp174
67.89131,58.60957,58.90333,0.7570065,0.8257728515625,0.8259111328125,rbm1,PF00595,98000,True,False,81,500,None,0.0100,NONE,0.0100,0.0000,0.0000,exp390
69.11833,59.94038,60.26743,0.7537320625,0.82118515625,0.82089384765625,rbm1,PF00595,100000,False,False,81,1000,None,0.5000,INVERSE_T,0.0100,0.5000,0.9000,exp189
79.12020,60.26374,60.70769,0.696007875,0.805822216796875,0.806049365234375,rbm1,PF00595,98000,False,True,81,500,None,0.0100,INVERSE_T,0.0010,0.5000,0.9000,exp312
72.52933,60.96405,60.91764,0.7481589375,0.814167919921875,0.81514072265625,rbm1,PF00595,60000,True,False,81,1000,None,0.5000,NONE,0.0100,0.0000,0.0000,exp345
72.71322,61.66490,62.03071,0.7446986875,0.812770361328125,0.812469140625,rbm1,PF00595,98000,True,False,81,500,None,0.5000,NONE,0.0100,0.0000,0.0000,exp336
71.77706,62.85384,63.20241,0.744929375,0.81225185546875,0.812518505859375,rbm1,PF00595,98000,False,False,81,500,None,0.5000,INVERSE_T,0.0100,0.5000,0.9000,exp180
75.41066,63.03493,63.03626,0.7359813125,0.796943212890625,0.79835556640625,rbm1,PF00595,4000,True,False,81,1000,None,0.5000,NONE,0.0100,0.5000,0.9000,exp21
97.73910,64.31442,64.66845,0.637703875,0.786098779296875,0.785491357421875,dbm,PF00595,3000,False,True,81,500,500,0.1000,NONE,0.0010,0.5000,0.9000,exp123
74.87517,64.52872,64.65061,0.7319560625,0.795753076171875,0.796345703125,rbm1,PF00595,5000,True,False,81,500,None,0.5000,NONE,0.0100,0.5000,0.9000,exp12
98.90848,64.81125,64.98853,0.632591,0.785264208984375,0.784977783203125,dbm,PF00595,1000,False,True,81,500,500,0.5000,INVERSE_T,0.0010,0.5000,0.9000,exp258
98.43854,65.37687,65.69643,0.6347375,0.78268642578125,0.78154072265625,dbm,PF00595,3000,False,True,81,500,500,0.1000,INVERSE_T,0.0010,0.5000,0.9000,exp285
98.27745,65.57398,65.77024,0.6360669375,0.782414794921875,0.781960498046875,dbm,PF00595,2000,False,True,81,500,500,0.5000,NONE,0.0010,0.0000,0.0000,exp420
98.89473,65.74377,65.86271,0.6330866875,0.780567919921875,0.781333349609375,dbm,PF00595,1000,False,True,81,500,500,0.5000,NONE,0.0010,0.5000,0.9000,exp96
84.94656,67.08984,67.17803,0.688028125,0.78922470703125,0.7885728515625,dbm,PF00595,1000,True,False,81,1000,1000,0.0100,NONE,0.0100,0.5000,0.9000,exp75
86.93270,67.47822,67.53529,0.6810085,0.78765927734375,0.78778271484375,dbm,PF00595,1000,True,False,81,1000,1000,0.0100,INVERSE_T,0.0100,0.5000,0.9000,exp237
88.51781,67.60155,67.87014,0.6772505625,0.7853037109375,0.784567919921875,dbm,PF00595,3000,True,False,81,1000,1000,0.0100,NONE,0.0100,0.0000,0.0000,exp399
99.69453,67.99228,68.17432,0.6307066875,0.77075556640625,0.7705728515625,dbm,PF00595,11000,False,True,81,500,500,0.0100,NONE,0.0010,0.5000,0.9000,exp150
94.90530,68.34408,68.45770,0.6536540625,0.7877728515625,0.78834072265625,dbm,PF00595,1000,False,False,81,1000,1000,0.0100,INVERSE_T,0.0100,0.5000,0.9000,exp243
80.21050,69.36166,69.60376,0.713954125,0.774474072265625,0.773753076171875,rbm1,PF00595,71000,False,False,81,1000,None,0.5000,NONE,0.0100,0.5000,0.9000,exp27
101.37287,71.11701,71.58549,0.62581675,0.756419775390625,0.75479013671875,dbm,PF00595,121000,False,True,81,500,500,0.0100,INVERSE_T,0.0010,0.5000,0.9000,exp312
90.73948,71.56439,71.65436,0.6670774375,0.7746271484375,0.774666650390625,dbm,PF00595,1000,True,False,81,500,500,0.0100,NONE,0.0100,0.5000,0.9000,exp66
92.40366,72.18791,72.29191,0.6611714375,0.771733349609375,0.771970361328125,dbm,PF00595,1000,True,False,81,500,500,0.0100,INVERSE_T,0.0100,0.5000,0.9000,exp228
81.91211,72.22218,72.20100,0.711515875,0.773022216796875,0.77355556640625,rbm1,PF00595,85000,False,False,81,500,None,0.5000,NONE,0.0100,0.0000,0.0000,exp342
96.65178,72.27139,72.39032,0.6468286875,0.77493828125,0.775125927734375,dbm,PF00595,1000,False,False,81,500,500,0.0100,NONE,0.0100,0.5000,0.9000,exp72
97.40309,73.05131,73.34698,0.6474726875,0.764943212890625,0.76386171875,dbm,PF00595,3000,False,False,81,500,500,0.0100,INVERSE_T,0.0100,0.5000,0.9000,exp234
94.11333,73.05461,73.34959,0.656640125,0.766656787109375,0.765970361328125,dbm,PF00595,3000,True,False,81,500,500,0.0100,NONE,0.0100,0.0000,0.0000,exp390
92.58951,73.90619,74.03274,0.6622794375,0.760345703125,0.759214794921875,dbm,PF00595,1000,True,False,81,1000,1000,0.1000,NONE,0.0100,0.0000,0.0000,exp372
92.32609,74.34392,74.44136,0.6653498125,0.75428642578125,0.753787646484375,dbm,PF00595,1000,True,False,81,1000,1000,0.1000,NONE,0.0100,0.5000,0.9000,exp48
99.33585,74.43826,74.64989,0.639666125,0.76261728515625,0.762543212890625,dbm,PF00595,4000,False,False,81,500,500,0.0100,NONE,0.0100,0.0000,0.0000,exp396
93.23542,74.60747,74.68506,0.659435875,0.75827158203125,0.75821728515625,dbm,PF00595,1000,True,False,81,500,500,0.1000,NONE,0.0100,0.0000,0.0000,exp363
100.43617,74.68450,74.87183,0.6430985625,0.74685927734375,0.7470271484375,dbm,PF00595,183000,False,False,81,1000,1000,0.1000,INVERSE_T,0.0100,0.5000,0.9000,exp216
101.32966,74.83646,74.90094,0.63717625,0.75237529296875,0.751960498046875,dbm,PF00595,1000,False,False,81,500,500,0.1000,INVERSE_T,0.0100,0.5000,0.9000,exp207
91.31992,75.01314,75.48664,0.6623715,0.724869140625,0.722898779296875,dbm,PF00595,183000,False,False,81,100,100,0.1000,NONE,0.0010,0.5000,0.9000,exp117
93.21595,75.07746,75.13805,0.66191175,0.753239501953125,0.752977783203125,dbm,PF00595,1000,True,False,81,1000,1000,0.1000,INVERSE_T,0.0100,0.5000,0.9000,exp210
91.22121,75.14721,75.54498,0.6614361875,0.7253037109375,0.723698779296875,dbm,PF00595,179000,False,False,81,100,100,0.0100,NONE,0.0010,0.5000,0.9000,exp144
101.17710,75.33704,75.42288,0.637674125,0.750474072265625,0.750039501953125,dbm,PF00595,1000,False,False,81,500,500,0.1000,NONE,0.0100,0.5000,0.9000,exp45
104.76990,76.80907,76.88276,0.6234670625,0.74453828125,0.744162939453125,dbm,PF00595,1000,False,False,81,500,500,0.1000,NONE,0.0100,0.0000,0.0000,exp369
91.43262,76.85573,77.51729,0.659183125,0.717856787109375,0.716019775390625,dbm,PF00595,121000,True,False,81,100,100,0.0100,NONE,0.0010,0.5000,0.9000,exp138
94.75325,77.05391,77.13169,0.6553713125,0.746345703125,0.74634072265625,dbm,PF00595,1000,True,False,81,500,500,0.1000,INVERSE_T,0.0100,0.5000,0.9000,exp201
76.75505,77.27888,77.83885,0.7051491875,0.719614794921875,0.717619775390625,rbm1,PF00595,90000,False,False,81,100,None,0.1000,NONE,0.0010,0.5000,0.9000,exp117
92.91758,77.30352,77.70283,0.6545310625,0.7173728515625,0.716054296875,dbm,PF00595,183000,True,False,81,100,100,0.0100,INVERSE_T,0.0010,0.5000,0.9000,exp300
95.29553,77.32674,77.42097,0.6539943125,0.74520986328125,0.744814794921875,dbm,PF00595,1000,True,False,81,500,500,0.1000,NONE,0.0100,0.5000,0.9000,exp39
91.19654,77.95831,78.28204,0.658318,0.71324443359375,0.712819775390625,dbm,PF00595,4000,True,False,81,100,100,0.1000,NONE,0.0010,0.5000,0.9000,exp111
77.63637,77.96818,78.02522,0.7017705,0.71847900390625,0.71809384765625,rbm1,PF00595,100000,False,False,81,100,None,0.0100,NONE,0.0010,0.5000,0.9000,exp144
1293.00134,771.92215,773.90260,0.26686009375,0.3592938232421875,0.3572,dbm,PF00595,89000,True,False,81,1000,1000,0.5000,NONE,0.0010,0.5000,0.9000,exp102
96.11635,78.50630,78.80252,0.64459825,0.707056787109375,0.706987646484375,dbm,PF00595,4000,False,False,81,100,100,0.5000,NONE,0.0010,0.5000,0.9000,exp90
80.70547,78.94182,79.31285,0.6924059375,0.7134419921875,0.712607421875,rbm1,PF00595,4000,False,False,81,100,None,0.5000,NONE,0.0010,0.5000,0.9000,exp90
79.28390,80.05174,80.37153,0.69555375,0.70907158203125,0.7082962890625,rbm1,PF00595,90000,True,False,81,100,None,0.0100,NONE,0.0010,0.5000,0.9000,exp138
78.74619,80.17974,80.69572,0.6970079375,0.70795556640625,0.706518505859375,rbm1,PF00595,80000,True,False,81,100,None,0.1000,NONE,0.0010,0.5000,0.9000,exp111
80.49013,80.23812,80.56753,0.692214125,0.7094419921875,0.70854814453125,rbm1,PF00595,90000,True,False,81,100,None,0.0100,INVERSE_T,0.0010,0.5000,0.9000,exp300
107.55935,81.54993,81.64194,0.618978125,0.72037529296875,0.719229638671875,dbm,PF00595,2000,False,False,81,1000,1000,0.1000,NONE,0.0100,0.5000,0.9000,exp54
103.08282,88.47000,88.64572,0.6230254375,0.698814794921875,0.698207421875,dbm,PF00595,200000,True,False,81,1000,1000,0.5000,INVERSE_T,0.0100,0.5000,0.9000,exp183
104.79864,89.99290,90.29396,0.6175253125,0.692943212890625,0.692143212890625,dbm,PF00595,179000,True,False,81,500,500,0.5000,INVERSE_T,0.0100,0.5000,0.9000,exp174
10.66721,9.48485,9.62903,0.9597695,0.9672494140625,0.96696787109375,dbm,PF00595,121000,False,False,81,1000,1000,0.1000,INVERSE_T,0.0010,0.5000,0.9000,exp297
6.97608,9.80786,9.92315,0.9758513125,0.969407421875,0.968883984375,rbm1,PF00595,100000,False,False,81,1000,None,0.0100,NONE,0.0010,0.5000,0.9000,exp162
6.58079,9.83078,9.96543,0.977559125,0.96956044921875,0.96868642578125,rbm1,PF00595,100000,False,False,81,1000,None,0.1000,INVERSE_T,0.0010,0.5000,0.9000,exp297
100.04060,94.83073,95.09984,0.641646875,0.6842419921875,0.68399013671875,rbm1,PF00595,90000,False,False,81,100,None,0.1000,INVERSE_T,0.0100,0.5000,0.9000,exp198
100.33693,94.98341,95.31901,0.6409686875,0.683698779296875,0.681387646484375,rbm1,PF00595,90000,True,False,81,100,None,0.1000,NONE,0.0100,0.5000,0.9000,exp30
100.37516,95.02728,95.36149,0.641020625,0.681585205078125,0.681649365234375,rbm1,PF00595,90000,False,False,81,100,None,0.5000,INVERSE_T,0.0100,0.5000,0.9000,exp171
100.20291,95.02755,95.37110,0.639955375,0.682577783203125,0.681916064453125,rbm1,PF00595,90000,True,False,81,100,None,0.1000,INVERSE_T,0.0100,0.5000,0.9000,exp192
100.61786,95.22614,95.61231,0.6394369375,0.68065185546875,0.67986171875,rbm1,PF00595,96000,False,False,81,100,None,0.1000,NONE,0.0100,0.5000,0.9000,exp36
100.50116,95.26727,95.58218,0.63992475,0.6818271484375,0.680992578125,rbm1,PF00595,90000,True,False,81,100,None,0.5000,INVERSE_T,0.0100,0.5000,0.9000,exp165
100.90422,95.70087,95.94373,0.6358153125,0.681333349609375,0.6794962890625,rbm1,PF00595,90000,True,False,81,100,None,0.0100,NONE,0.0100,0.5000,0.9000,exp57
100.92266,95.70822,95.93016,0.6360501875,0.68018271484375,0.679570361328125,rbm1,PF00595,100000,False,False,81,100,None,0.0100,NONE,0.0100,0.5000,0.9000,exp63
102.71799,97.18562,97.47006,0.62810575,0.673925927734375,0.6732,rbm1,PF00595,100000,True,False,81,100,None,0.0100,NONE,0.0100,0.0000,0.0000,exp381
115.93430,97.76106,98.04816,0.5790658125,0.660074072265625,0.660133349609375,dbm,PF00595,139000,False,False,81,500,500,0.5000,NONE,0.0100,0.0000,0.0000,exp342
104.00066,97.95691,98.31034,0.623971625,0.66719013671875,0.665032080078125,rbm1,PF00595,5000,False,False,81,100,None,0.5000,NONE,0.0100,0.5000,0.9000,exp9
116.35773,100.31645,99.93473,0.677248625,0.805969970703125,0.8065499877929687,dbm,toy,200000,False,True,100,1000,1000,0.0100,NONE,0.0010,0.0000,0.0000,exp481
93.87584,101.85748,101.62970,0.7339179375,0.7573099975585937,0.7588400268554687,rbm1,toy,100000,False,False,100,500,None,0.0100,NONE,0.0100,0.0000,0.0000,exp394
95.87776,104.62397,104.42119,0.72829725,0.7466099853515625,0.7483599853515625,rbm1,toy,100000,True,False,100,500,None,0.0100,NONE,0.0100,0.0000,0.0000,exp388
125.81651,106.75440,106.47220,0.6403860625,0.788989990234375,0.7891199951171874,dbm,toy,1000,False,True,100,500,500,0.5000,INVERSE_T,0.0010,0.5000,0.9000,exp256
125.56386,106.76038,106.23689,0.6432225,0.7939600219726562,0.7961300048828125,dbm,toy,2000,False,True,100,500,500,0.1000,NONE,0.0010,0.5000,0.9000,exp121
126.39719,108.85269,108.44134,0.6432345625,0.7888699951171875,0.7903599853515625,dbm,toy,4000,False,True,100,500,500,0.1000,INVERSE_T,0.0010,0.5000,0.9000,exp283
103.95463,111.39695,111.18337,0.70700225,0.7144199829101563,0.7155,rbm1,toy,99000,False,False,100,1000,None,0.5000,INVERSE_T,0.0100,0.5000,0.9000,exp187
120.29977,112.20289,111.84719,0.6640261875,0.680030029296875,0.6804500122070313,dbm,toy,4000,False,False,100,500,500,0.5000,NONE,0.0010,0.5000,0.9000,exp97
125.98195,112.44330,112.01689,0.6462806875,0.7661099853515625,0.7675900268554687,dbm,toy,200000,False,True,100,500,500,0.0100,NONE,0.0010,0.5000,0.9000,exp148
120.34442,113.56076,113.39895,0.6636534375,0.7348300170898437,0.7383699951171875,dbm,toy,1000,False,False,100,1000,1000,0.0100,NONE,0.0100,0.5000,0.9000,exp79
110.12493,114.69300,114.59827,0.6977095625,0.6944500122070313,0.697260009765625,rbm1,toy,3000,True,False,100,500,None,0.5000,NONE,0.0100,0.5000,0.9000,exp10
121.58215,114.90519,114.71847,0.6605399375,0.7309299926757813,0.735030029296875,dbm,toy,1000,False,False,100,1000,1000,0.0100,INVERSE_T,0.0100,0.5000,0.9000,exp241
108.08503,115.15272,115.05450,0.6942985625,0.6951500244140625,0.6968699951171875,rbm1,toy,94000,False,False,100,500,None,0.5000,INVERSE_T,0.0100,0.5000,0.9000,exp178
116.55438,115.90317,115.67820,0.66938075,0.71872998046875,0.7208400268554688,dbm,toy,1000,True,False,100,1000,1000,0.0100,NONE,0.0100,0.5000,0.9000,exp73
106.40119,116.53666,116.33005,0.7155120625,0.7041099853515626,0.7058800048828126,rbm1,toy,5000,True,False,100,1000,None,0.5000,INVERSE_T,0.0100,0.5000,0.9000,exp181
118.25233,116.79802,116.58823,0.665159625,0.7170700073242188,0.7199400024414062,dbm,toy,1000,True,False,100,1000,1000,0.0100,INVERSE_T,0.0100,0.5000,0.9000,exp235
122.48894,118.89059,118.74000,0.6554138125,0.706780029296875,0.709719970703125,dbm,toy,1000,True,False,100,500,500,0.0100,NONE,0.0100,0.5000,0.9000,exp64
116.23142,118.99933,119.16755,0.6737075,0.6863699951171875,0.6865399780273438,rbm1,toy,37000,True,False,100,500,None,0.5000,NONE,0.0100,0.0000,0.0000,exp334
124.91903,119.26786,119.06129,0.6522976875,0.7101099853515624,0.7132100219726563,dbm,toy,1000,False,False,100,500,500,0.0100,NONE,0.0100,0.5000,0.9000,exp70
125.87050,120.60766,120.40723,0.64973775,0.7031400146484375,0.7059600219726563,dbm,toy,1000,False,False,100,500,500,0.0100,INVERSE_T,0.0100,0.5000,0.9000,exp232
123.76456,121.09703,120.95830,0.652422625,0.6961500244140625,0.69922998046875,dbm,toy,1000,True,False,100,500,500,0.0100,INVERSE_T,0.0100,0.5000,0.9000,exp226
127.47142,122.90472,122.65942,0.645086375,0.6924000244140625,0.6953800048828125,dbm,toy,1000,False,False,100,500,500,0.0100,NONE,0.0100,0.0000,0.0000,exp394
122.06034,123.89222,123.76350,0.655639125,0.6513900146484375,0.650280029296875,rbm1,toy,25000,False,False,100,1000,None,0.5000,NONE,0.0100,0.5000,0.9000,exp25
126.49273,124.27816,124.08227,0.6454965,0.6830499877929688,0.6859299926757813,dbm,toy,1000,True,False,100,500,500,0.0100,NONE,0.0100,0.0000,0.0000,exp388
98.85873,124.70834,124.67480,0.70729475,0.639719970703125,0.6404500122070312,rbm1,toy,94000,False,False,100,100,None,0.5000,INVERSE_T,0.0010,0.5000,0.9000,exp250
116.58373,125.24786,124.83352,0.6634461875,0.62752001953125,0.6290399780273438,dbm,toy,183000,True,False,100,100,100,0.5000,INVERSE_T,0.0010,0.5000,0.9000,exp244
116.85809,125.36830,125.03973,0.6637525625,0.6282899780273438,0.62925,dbm,toy,144000,False,False,100,100,100,0.1000,NONE,0.0010,0.5000,0.9000,exp115
99.55990,125.47930,125.11641,0.707487625,0.6419500122070313,0.6423300170898437,rbm1,toy,52000,False,False,100,100,None,0.5000,NONE,0.0010,0.5000,0.9000,exp88
117.59628,125.87363,125.46282,0.6618705,0.6279600219726562,0.6286599731445313,dbm,toy,199000,False,False,100,100,100,0.0100,NONE,0.0010,0.5000,0.9000,exp142
100.18282,126.03689,125.71645,0.7035816875,0.6406500244140625,0.641010009765625,rbm1,toy,98000,False,False,100,100,None,0.1000,NONE,0.0010,0.5000,0.9000,exp115
116.35675,126.35089,126.02700,0.665173875,0.629280029296875,0.6285399780273437,dbm,toy,185000,True,False,100,100,100,0.1000,NONE,0.0010,0.5000,0.9000,exp109
120.60851,127.16128,126.87013,0.6536006875,0.6231099853515625,0.623510009765625,dbm,toy,183000,False,False,100,100,100,0.5000,INVERSE_T,0.0010,0.5000,0.9000,exp250
118.18611,127.18392,126.90143,0.659906125,0.6253900146484375,0.6274199829101562,dbm,toy,198000,False,False,100,100,100,0.1000,INVERSE_T,0.0010,0.5000,0.9000,exp277
118.61740,127.49400,127.18409,0.658169125,0.6248400268554688,0.6256599731445313,dbm,toy,199000,True,False,100,100,100,0.0100,NONE,0.0010,0.5000,0.9000,exp136
102.16985,127.70893,127.47580,0.6977579375,0.636719970703125,0.6365700073242188,rbm1,toy,93000,False,False,100,100,None,0.1000,INVERSE_T,0.0010,0.5000,0.9000,exp277
142.41307,128.03935,127.92083,0.609734125,0.6454400024414062,0.647030029296875,dbm,toy,1000,False,False,100,500,500,0.1000,INVERSE_T,0.0100,0.5000,0.9000,exp205
101.70878,128.37169,127.98858,0.698465375,0.63925,0.6390999755859375,rbm1,toy,97000,True,False,100,100,None,0.5000,INVERSE_T,0.0010,0.5000,0.9000,exp244
118.78701,128.37576,128.30824,0.65763475,0.6230800170898437,0.624719970703125,dbm,toy,200000,True,False,100,100,100,0.1000,INVERSE_T,0.0010,0.5000,0.9000,exp271
102.42442,128.73056,128.50767,0.696397625,0.637969970703125,0.6371300048828125,rbm1,toy,100000,True,False,100,100,None,0.1000,NONE,0.0010,0.5000,0.9000,exp109
104.82034,129.55836,129.01022,0.69008525,0.630239990234375,0.6327100219726562,rbm1,toy,99000,False,False,100,100,None,0.0100,NONE,0.0010,0.5000,0.9000,exp142
132.48174,129.83580,129.69185,0.6274749375,0.6633300170898437,0.6646400146484375,dbm,toy,1000,True,False,100,500,500,0.1000,NONE,0.0100,0.0000,0.0000,exp361
111.69882,130.63834,130.36209,0.6731936875,0.626280029296875,0.6270599975585938,rbm1,toy,31000,True,False,100,100,None,0.0100,INVERSE_T,0.0010,0.5000,0.9000,exp298
114.74231,130.64465,130.46589,0.666175375,0.6259099731445312,0.6272100219726563,rbm1,toy,4000,True,False,100,100,None,0.1000,INVERSE_T,0.0010,0.5000,0.9000,exp271
112.62267,130.65130,130.35559,0.6710339375,0.6255399780273437,0.6270499877929687,rbm1,toy,18000,True,False,100,100,None,0.0100,NONE,0.0010,0.5000,0.9000,exp136
129.36075,130.66536,130.54227,0.637830625,0.6283699951171875,0.62877001953125,dbm,toy,1000,True,False,100,500,500,0.1000,NONE,0.0100,0.5000,0.9000,exp37
127.84336,130.69702,130.54770,0.640323,0.63,0.6298900146484375,dbm,toy,1000,True,False,100,500,500,0.1000,INVERSE_T,0.0100,0.5000,0.9000,exp199
144.83974,130.97765,130.81327,0.6029611875,0.6381900024414062,0.6397999877929688,dbm,toy,1000,False,False,100,500,500,0.1000,NONE,0.0100,0.5000,0.9000,exp43
141.79899,131.00637,130.86160,0.61196625,0.631510009765625,0.6324400024414063,dbm,toy,1000,True,False,100,1000,1000,0.1000,INVERSE_T,0.0100,0.5000,0.9000,exp208
123.48945,132.13008,132.01937,0.646662625,0.6205800170898438,0.621219970703125,dbm,toy,195000,True,False,100,100,100,0.0100,INVERSE_T,0.0010,0.5000,0.9000,exp298
128.14775,132.84011,132.51011,0.636114875,0.6101300048828125,0.611219970703125,dbm,toy,103000,False,False,100,100,100,0.5000,NONE,0.0010,0.5000,0.9000,exp88
113.05930,133.65162,133.11866,0.668774375,0.62147998046875,0.62327001953125,rbm1,toy,97000,False,False,100,100,None,0.0100,INVERSE_T,0.0010,0.5000,0.9000,exp304
182.54891,133.79586,133.04519,0.601996125,0.6699199829101562,0.67025,rbm1,toy,1000,True,False,100,1000,None,0.5000,NONE,0.0100,0.5000,0.9000,exp19
126.44224,134.02406,133.60220,0.639077875,0.6154299926757812,0.6171300048828126,dbm,toy,197000,False,False,100,100,100,0.0100,INVERSE_T,0.0010,0.5000,0.9000,exp304
141.25986,134.40348,134.27722,0.60604525,0.5970700073242188,0.5971900024414063,dbm,toy,161000,False,False,100,1000,1000,0.1000,INVERSE_T,0.0100,0.5000,0.9000,exp214
130.70603,134.73587,134.62372,0.619588125,0.6049099731445312,0.604719970703125,rbm1,toy,82000,True,False,100,100,None,0.5000,INVERSE_T,0.0100,0.5000,0.9000,exp163
130.75947,134.87463,134.76766,0.625794875,0.6071500244140625,0.6073800048828125,rbm1,toy,98000,False,False,100,100,None,0.5000,INVERSE_T,0.0100,0.5000,0.9000,exp169
130.78229,134.92611,134.77522,0.6258106875,0.6071300048828125,0.60852001953125,rbm1,toy,80000,False,False,100,100,None,0.1000,INVERSE_T,0.0100,0.5000,0.9000,exp196
130.99464,134.99644,134.84731,0.6249063125,0.6073300170898438,0.6082999877929688,rbm1,toy,34000,True,False,100,100,None,0.1000,INVERSE_T,0.0100,0.5000,0.9000,exp190
131.02918,135.00991,134.86516,0.6239481875,0.605719970703125,0.607030029296875,rbm1,toy,50000,True,False,100,100,None,0.1000,NONE,0.0100,0.5000,0.9000,exp28
131.13245,135.03905,134.93152,0.6246411875,0.60702001953125,0.607489990234375,rbm1,toy,99000,True,False,100,100,None,0.0100,NONE,0.0100,0.5000,0.9000,exp55
131.84012,135.64372,135.48969,0.621995125,0.6028099975585938,0.603260009765625,rbm1,toy,50000,False,False,100,100,None,0.1000,NONE,0.0100,0.5000,0.9000,exp34
132.33182,135.77528,135.61058,0.622043875,0.6046599731445312,0.6045499877929688,rbm1,toy,100000,True,False,100,100,None,0.0100,INVERSE_T,0.0100,0.5000,0.9000,exp217
144.38661,135.97606,135.82864,0.60213325,0.5969400024414062,0.5974400024414063,dbm,toy,2000,True,False,100,1000,1000,0.1000,NONE,0.0100,0.5000,0.9000,exp46
133.02654,136.23202,136.11817,0.61303625,0.5973599853515625,0.59872998046875,rbm1,toy,74000,False,False,100,100,None,0.5000,NONE,0.0100,0.5000,0.9000,exp7
144.31712,136.61839,136.55988,0.5991155,0.590510009765625,0.5913400268554687,dbm,toy,71000,False,False,100,1000,1000,0.1000,NONE,0.0100,0.5000,0.9000,exp52
133.48087,136.88359,136.71731,0.6185324375,0.59927001953125,0.5993099975585937,rbm1,toy,100000,False,False,100,100,None,0.0100,INVERSE_T,0.0100,0.5000,0.9000,exp223
143.13322,140.04075,139.92727,0.6020545,0.586469970703125,0.5865800170898438,dbm,toy,96000,True,False,100,500,500,0.5000,INVERSE_T,0.0100,0.5000,0.9000,exp172
144.09366,140.51903,140.44884,0.599715,0.5970599975585937,0.597760009765625,dbm,toy,2000,True,False,100,100,100,0.0100,NONE,0.0100,0.5000,0.9000,exp55
147.88682,141.10545,141.00125,0.5917089375,0.5933800048828125,0.5943099975585937,dbm,toy,1000,False,False,100,100,100,0.1000,INVERSE_T,0.0100,0.5000,0.9000,exp196
146.36858,141.29247,141.20875,0.5947213125,0.5930399780273438,0.594010009765625,dbm,toy,1000,True,False,100,100,100,0.1000,INVERSE_T,0.0100,0.5000,0.9000,exp190
144.83947,141.32886,141.20100,0.59868275,0.5956799926757812,0.5963699951171875,dbm,toy,2000,True,False,100,100,100,0.0100,INVERSE_T,0.0100,0.5000,0.9000,exp217
146.61114,141.42817,141.34955,0.59412675,0.5925499877929687,0.5929600219726563,dbm,toy,1000,True,False,100,100,100,0.1000,NONE,0.0100,0.5000,0.9000,exp28
147.45310,141.43319,141.33516,0.5934618125,0.5913699951171875,0.5917100219726562,dbm,toy,1000,False,False,100,100,100,0.1000,NONE,0.0100,0.5000,0.9000,exp34
147.05189,141.63100,141.50755,0.5947326875,0.5921900024414063,0.5925,dbm,toy,3000,False,False,100,100,100,0.0100,INVERSE_T,0.0100,0.5000,0.9000,exp223
141.55894,142.91616,142.84897,0.6060421875,0.59027001953125,0.5906799926757812,rbm1,toy,100000,False,False,100,100,None,0.0100,NONE,0.0100,0.0000,0.0000,exp385
149.77371,142.95228,142.87859,0.5903073125,0.583719970703125,0.584010009765625,dbm,toy,176000,True,False,100,100,100,0.5000,INVERSE_T,0.0100,0.5000,0.9000,exp163
150.81744,143.61506,143.52631,0.5895530625,0.5839600219726563,0.5841599731445313,dbm,toy,149000,False,False,100,1000,1000,0.5000,INVERSE_T,0.0100,0.5000,0.9000,exp187
147.16293,143.72770,143.66494,0.595279625,0.5867100219726562,0.586989990234375,rbm1,toy,86000,False,True,100,1000,None,0.1000,NONE,0.0100,0.5000,0.9000,exp49
147.21333,143.81869,143.77812,0.5952550625,0.587,0.5870499877929688,rbm1,toy,55000,False,True,100,1000,None,0.5000,INVERSE_T,0.0100,0.5000,0.9000,exp184
151.10238,143.86008,143.76786,0.58818775,0.5841599731445313,0.58397998046875,dbm,toy,177000,False,False,100,500,500,0.5000,INVERSE_T,0.0100,0.5000,0.9000,exp178
146.94696,143.89280,143.82941,0.5957565625,0.5849500122070312,0.5853900146484375,rbm1,toy,85000,False,True,100,1000,None,0.1000,INVERSE_T,0.0100,0.5000,0.9000,exp211
147.40501,144.52578,144.42344,0.5954951875,0.5848200073242188,0.585510009765625,rbm1,toy,100000,False,True,100,1000,None,0.0100,NONE,0.0100,0.5000,0.9000,exp76
151.82122,144.59722,144.50309,0.5872123125,0.5848400268554688,0.5854099731445312,dbm,toy,199000,False,False,100,100,100,0.0100,NONE,0.0100,0.0000,0.0000,exp385
148.93933,144.86119,144.86241,0.5931933125,0.5891599731445313,0.58925,rbm1,toy,14000,False,True,100,1000,None,0.5000,NONE,0.0100,0.5000,0.9000,exp22
149.08634,146.32116,146.22041,0.593852,0.5845399780273437,0.5849400024414062,rbm1,toy,100000,False,True,100,1000,None,0.0100,INVERSE_T,0.0100,0.5000,0.9000,exp238
150.50685,146.96047,146.88436,0.590834875,0.5831599731445313,0.583719970703125,rbm1,toy,79000,False,True,100,500,None,0.1000,INVERSE_T,0.0100,0.5000,0.9000,exp202
150.77242,147.02619,146.95109,0.590192,0.5834199829101563,0.5846400146484375,rbm1,toy,72000,False,True,100,500,None,0.1000,NONE,0.0100,0.5000,0.9000,exp40
150.66046,147.03231,146.95506,0.5905120625,0.5835999755859375,0.5843400268554687,rbm1,toy,86000,False,True,100,500,None,0.5000,INVERSE_T,0.0100,0.5000,0.9000,exp175
159.77555,147.91481,147.89248,0.5532341875,0.5854000244140625,0.5857100219726562,dbm,toy,46000,False,True,100,100,100,0.1000,NONE,0.0010,0.5000,0.9000,exp112
151.07621,148.01409,147.91161,0.5906370625,0.5830999755859375,0.5833599853515625,rbm1,toy,100000,False,True,100,500,None,0.0100,NONE,0.0100,0.5000,0.9000,exp67
154.33141,148.41016,148.34036,0.57908075,0.5825800170898437,0.58327001953125,dbm,toy,75000,False,False,100,100,100,0.5000,INVERSE_T,0.0100,0.5000,0.9000,exp169
161.42022,148.65091,148.63012,0.5528743125,0.5846500244140626,0.5854099731445312,dbm,toy,146000,False,True,100,100,100,0.5000,NONE,0.0010,0.5000,0.9000,exp85
159.63786,148.85442,148.74853,0.557554125,0.585010009765625,0.5848699951171875,dbm,toy,197000,False,True,100,100,100,0.1000,INVERSE_T,0.0010,0.5000,0.9000,exp274
155.08747,149.34816,149.23663,0.565399,0.5895900268554688,0.5893499755859375,rbm1,toy,80000,False,True,100,100,None,0.5000,NONE,0.0010,0.5000,0.9000,exp85
159.49294,149.37964,149.27605,0.5609050625,0.5850499877929688,0.5855499877929687,dbm,toy,150000,False,True,100,100,100,0.0100,NONE,0.0010,0.5000,0.9000,exp139
160.42387,149.38103,149.41150,0.558392875,0.5849299926757813,0.5846599731445312,dbm,toy,17000,False,True,100,100,100,0.5000,INVERSE_T,0.0010,0.5000,0.9000,exp247
153.98362,149.38147,149.29137,0.5710165625,0.5883300170898438,0.58975,rbm1,toy,80000,False,True,100,100,None,0.5000,INVERSE_T,0.0010,0.5000,0.9000,exp247
154.65549,149.53536,149.51958,0.5648435,0.5885700073242187,0.58875,rbm1,toy,49000,False,True,100,100,None,0.1000,NONE,0.0010,0.5000,0.9000,exp112
154.57154,149.95586,149.92700,0.5693780625,0.589010009765625,0.5890700073242188,rbm1,toy,100000,False,True,100,100,None,0.0100,NONE,0.0010,0.5000,0.9000,exp139
154.20016,150.09134,150.04178,0.56829925,0.5891599731445313,0.5896199951171875,rbm1,toy,91000,False,True,100,100,None,0.1000,INVERSE_T,0.0010,0.5000,0.9000,exp274
153.01589,150.49488,150.40694,0.590406875,0.5835999755859375,0.584280029296875,rbm1,toy,100000,False,True,100,1000,None,0.0100,NONE,0.0100,0.0000,0.0000,exp400
153.20224,150.66578,150.57411,0.5886281875,0.5826199951171875,0.5831099853515626,rbm1,toy,100000,False,True,100,500,None,0.0100,INVERSE_T,0.0100,0.5000,0.9000,exp229
161.05723,151.14894,151.09406,0.5527753125,0.5842100219726563,0.5849000244140625,dbm,toy,200000,False,True,100,100,100,0.0100,INVERSE_T,0.0010,0.5000,0.9000,exp301
156.84042,151.67087,151.58958,0.56386075,0.5851300048828125,0.58602001953125,rbm1,toy,100000,False,True,100,100,None,0.0100,INVERSE_T,0.0010,0.5000,0.9000,exp301
156.96568,153.92431,153.82691,0.5844363125,0.5823400268554687,0.582530029296875,rbm1,toy,100000,False,True,100,500,None,0.0100,NONE,0.0100,0.0000,0.0000,exp391
166.50522,157.05763,156.97253,0.5549181875,0.5847000122070313,0.5848200073242188,dbm,toy,1000,False,True,100,1000,1000,0.0100,NONE,0.0100,0.5000,0.9000,exp76
167.08371,158.03236,157.95122,0.5533890625,0.584030029296875,0.5839400024414062,dbm,toy,1000,False,True,100,1000,1000,0.0100,INVERSE_T,0.0100,0.5000,0.9000,exp238
163.36710,158.37597,158.31541,0.559537625,0.581719970703125,0.581780029296875,rbm1,toy,100000,False,True,100,100,None,0.0100,NONE,0.0100,0.5000,0.9000,exp58
163.59525,158.53234,158.47348,0.560254625,0.5815599975585938,0.5817000122070313,rbm1,toy,46000,False,True,100,100,None,0.1000,NONE,0.0100,0.5000,0.9000,exp31
163.52326,158.53597,158.48044,0.5588734375,0.5816199951171875,0.581719970703125,rbm1,toy,82000,False,True,100,100,None,0.1000,NONE,0.0100,0.0000,0.0000,exp355
163.66094,158.60233,158.54147,0.558239625,0.58152001953125,0.5813499755859375,rbm1,toy,55000,False,True,100,100,None,0.5000,NONE,0.0100,0.0000,0.0000,exp328
163.58733,158.62773,158.55875,0.5634065625,0.581739990234375,0.581719970703125,rbm1,toy,76000,False,True,100,100,None,0.1000,INVERSE_T,0.0100,0.5000,0.9000,exp193
168.22909,158.67427,158.59209,0.5494625625,0.5833699951171875,0.5832899780273437,dbm,toy,1000,False,True,100,500,500,0.0100,NONE,0.0100,0.5000,0.9000,exp67
163.65739,158.72053,158.65070,0.56565575,0.5812899780273437,0.5816199951171875,rbm1,toy,84000,False,True,100,100,None,0.5000,INVERSE_T,0.0100,0.5000,0.9000,exp166
163.70315,158.73998,158.65323,0.5616285,0.581489990234375,0.5815800170898437,rbm1,toy,100000,False,True,100,100,None,0.0100,INVERSE_T,0.0100,0.5000,0.9000,exp220
164.03522,158.89298,158.79291,0.56290175,0.581510009765625,0.5821300048828125,rbm1,toy,4000,False,True,100,100,None,0.5000,NONE,0.0100,0.5000,0.9000,exp4
168.07418,159.81031,159.73636,0.551975375,0.5835700073242187,0.5831799926757812,dbm,toy,1000,False,True,100,1000,1000,0.0100,NONE,0.0100,0.0000,0.0000,exp400
168.83621,159.86694,159.79519,0.54696225,0.5829400024414062,0.5827899780273438,dbm,toy,1000,False,True,100,500,500,0.0100,INVERSE_T,0.0100,0.5000,0.9000,exp229
168.78181,160.02252,159.95386,0.54832025,0.5823300170898438,0.5823900146484375,dbm,toy,1000,False,True,100,1000,1000,0.1000,INVERSE_T,0.0100,0.5000,0.9000,exp211
168.81880,160.12570,160.05278,0.548231125,0.5825399780273437,0.58247998046875,dbm,toy,1000,False,True,100,1000,1000,0.1000,NONE,0.0100,0.5000,0.9000,exp49
169.65995,160.71238,160.63509,0.5449761875,0.5824400024414063,0.581969970703125,dbm,toy,1000,False,True,100,500,500,0.1000,INVERSE_T,0.0100,0.5000,0.9000,exp202
169.68626,160.81919,160.73988,0.5447844375,0.5822999877929688,0.581989990234375,dbm,toy,1000,False,True,100,500,500,0.1000,NONE,0.0100,0.5000,0.9000,exp40
169.65907,160.98291,160.90078,0.5477419375,0.5818599853515625,0.58197998046875,dbm,toy,195000,False,True,100,1000,1000,0.5000,INVERSE_T,0.0100,0.5000,0.9000,exp184
170.25000,161.42727,161.34361,0.5449438125,0.58175,0.5817899780273438,dbm,toy,183000,False,True,100,500,500,0.5000,INVERSE_T,0.0100,0.5000,0.9000,exp175
170.58538,161.63734,161.56688,0.5420361875,0.5825700073242187,0.5820599975585937,dbm,toy,1000,False,True,100,500,500,0.0100,NONE,0.0100,0.0000,0.0000,exp391
172.53240,163.42566,163.34241,0.535956625,0.583239990234375,0.5835399780273437,dbm,toy,15000,False,True,100,1000,1000,0.5000,NONE,0.0100,0.5000,0.9000,exp22
173.60230,164.68087,164.63487,0.51802284375,0.581969970703125,0.5816099853515625,dbm,toy,1000,False,True,100,100,100,0.0100,NONE,0.0100,0.5000,0.9000,exp58
173.60141,164.93097,164.88000,0.51885684375,0.582,0.581239990234375,dbm,toy,1000,False,True,100,100,100,0.1000,NONE,0.0100,0.0000,0.0000,exp355
173.68405,165.10763,165.03419,0.52127253125,0.5818099975585938,0.5813699951171875,dbm,toy,1000,False,True,100,100,100,0.0100,INVERSE_T,0.0100,0.5000,0.9000,exp220
173.78070,165.19317,165.13670,0.52011053125,0.5819000244140625,0.5813599853515625,dbm,toy,1000,False,True,100,100,100,0.1000,NONE,0.0100,0.5000,0.9000,exp31
173.83504,165.27964,165.21044,0.52251175,0.5818400268554688,0.5813499755859375,dbm,toy,1000,False,True,100,100,100,0.1000,INVERSE_T,0.0100,0.5000,0.9000,exp193
174.16917,165.37238,165.30281,0.51688665625,0.581719970703125,0.58125,dbm,toy,39000,False,True,100,100,100,0.5000,NONE,0.0100,0.0000,0.0000,exp328
174.28248,165.74912,165.68478,0.5211484375,0.5819500122070312,0.5817100219726562,dbm,toy,1000,False,True,100,100,100,0.5000,NONE,0.0100,0.5000,0.9000,exp4
174.24002,165.79681,165.74322,0.52418103125,0.5816400146484375,0.5814099731445312,dbm,toy,147000,False,True,100,100,100,0.5000,INVERSE_T,0.0100,0.5000,0.9000,exp166
172.38032,169.28269,169.22559,0.530599,0.5328699951171875,0.5338099975585937,dbm,toy,15000,False,False,100,100,100,0.5000,NONE,0.0100,0.5000,0.9000,exp7
181.07350,170.64187,170.34725,0.49316615625,0.5616799926757813,0.562530029296875,dbm,toy,1000,False,False,100,1000,1000,0.5000,NONE,0.0100,0.5000,0.9000,exp25
175.41958,171.18603,171.17533,0.50665146875,0.5813699951171875,0.5810700073242188,rbm1,toy,100000,False,True,100,100,None,0.0100,NONE,0.0100,0.0000,0.0000,exp382
179.23822,173.31595,173.30819,0.486421875,0.5811500244140625,0.5811500244140625,dbm,toy,189000,False,True,100,100,100,0.0100,NONE,0.0100,0.0000,0.0000,exp382
184.78368,175.97667,175.96516,0.4768158125,0.518510009765625,0.51775,dbm,toy,133000,True,False,100,500,500,0.5000,NONE,0.0100,0.0000,0.0000,exp334
1166.27469,207.48420,207.96875,0.36774534375,0.44841000366210937,0.44820001220703126,dbm,toy,2000,True,False,100,1000,1000,0.5000,NONE,0.0100,0.5000,0.9000,exp19
10.50778,26.60480,26.28669,0.96840675,0.923010009765625,0.9233300170898437,dbm,toy,37000,False,False,100,1000,1000,0.0100,NONE,0.0010,0.5000,0.9000,exp160
9.42009,26.60515,26.19072,0.9717091875,0.9223800048828125,0.922989990234375,dbm,toy,16000,False,False,100,1000,1000,0.1000,INVERSE_T,0.0010,0.5000,0.9000,exp295
9.90720,28.40623,27.96287,0.97040525,0.9188099975585937,0.91997998046875,dbm,toy,11000,False,False,100,1000,1000,0.1000,NONE,0.0010,0.5000,0.9000,exp133
6.79229,28.75467,28.37648,0.9850205,0.9212000122070313,0.922239990234375,rbm1,toy,99000,False,False,100,1000,None,0.1000,INVERSE_T,0.0010,0.5000,0.9000,exp295
6.62678,28.84537,28.47947,0.9853591875,0.9205399780273438,0.921969970703125,rbm1,toy,96000,False,False,100,1000,None,0.5000,INVERSE_T,0.0010,0.5000,0.9000,exp268
7.40871,28.87271,28.53276,0.983028875,0.9208900146484374,0.9214099731445312,rbm1,toy,71000,False,False,100,1000,None,0.0100,NONE,0.0010,0.5000,0.9000,exp160
7.57086,28.91029,28.51919,0.9821996875,0.920010009765625,0.9214600219726562,rbm1,toy,11000,False,False,100,1000,None,0.1000,NONE,0.0010,0.5000,0.9000,exp133
12.49776,29.74374,29.35407,0.96205775,0.91352001953125,0.9148400268554687,dbm,toy,200000,False,False,100,1000,1000,0.5000,INVERSE_T,0.0010,0.5000,0.9000,exp268
8.66443,29.84471,29.48380,0.9804005,0.9158200073242188,0.9178699951171875,rbm1,toy,81000,False,False,100,1000,None,0.5000,NONE,0.0010,0.5000,0.9000,exp106
11.96570,30.43398,30.06193,0.9638303125,0.9114400024414062,0.9126500244140625,dbm,toy,9000,False,False,100,1000,1000,0.5000,NONE,0.0010,0.5000,0.9000,exp106
15.67547,30.77615,30.32923,0.95218475,0.9115599975585937,0.9132999877929687,dbm,toy,53000,False,False,100,500,500,0.1000,INVERSE_T,0.0010,0.5000,0.9000,exp286
15.46782,31.21552,30.80622,0.952879375,0.909989990234375,0.9114000244140625,dbm,toy,28000,False,False,100,500,500,0.1000,NONE,0.0010,0.5000,0.9000,exp124
17.29782,31.61519,30.98186,0.9475314375,0.9098699951171875,0.9112899780273438,dbm,toy,46000,False,False,100,500,500,0.0100,NONE,0.0010,0.5000,0.9000,exp151
20.75671,32.51676,31.79819,0.9375294375,0.90775,0.9096900024414063,dbm,toy,200000,False,False,100,500,500,0.0100,INVERSE_T,0.0010,0.5000,0.9000,exp313
8.26697,32.65025,32.22215,0.981587625,0.9126900024414063,0.9135399780273438,rbm1,toy,90000,True,False,100,1000,None,0.0100,INVERSE_T,0.0010,0.5000,0.9000,exp316
8.28486,32.66754,32.22738,0.98152575,0.9126699829101562,0.9138300170898438,rbm1,toy,35000,True,False,100,1000,None,0.0100,NONE,0.0010,0.5000,0.9000,exp154
8.17113,32.69075,32.30415,0.981889375,0.911989990234375,0.9144099731445312,rbm1,toy,9000,True,False,100,1000,None,0.1000,INVERSE_T,0.0010,0.5000,0.9000,exp289
8.41486,32.74672,32.36519,0.9810034375,0.911780029296875,0.9135700073242188,rbm1,toy,7000,True,False,100,1000,None,0.1000,NONE,0.0010,0.5000,0.9000,exp127
8.60110,33.49737,33.10930,0.980832125,0.9106599731445313,0.9115999755859375,rbm1,toy,3000,True,False,100,1000,None,0.5000,INVERSE_T,0.0010,0.5000,0.9000,exp262
897.52339,335.44516,333.32963,0.3799241875,0.42685000610351564,0.4285,dbm,toy,4000,True,False,100,500,500,0.5000,NONE,0.0100,0.5000,0.9000,exp10
9.95476,34.55913,34.23192,0.9784655625,0.909280029296875,0.9095,rbm1,toy,90000,False,False,100,500,None,0.5000,INVERSE_T,0.0010,0.5000,0.9000,exp259
10.34774,36.29815,36.04213,0.977713375,0.9035399780273438,0.9042000122070313,rbm1,toy,91000,False,False,100,500,None,0.1000,NONE,0.0010,0.5000,0.9000,exp124
10.58407,36.33519,35.96725,0.977082625,0.9030800170898438,0.904719970703125,rbm1,toy,98000,False,False,100,500,None,0.1000,INVERSE_T,0.0010,0.5000,0.9000,exp286
10.54193,36.58267,36.25680,0.9759620625,0.9013200073242188,0.9023200073242188,rbm1,toy,91000,False,False,100,500,None,0.5000,NONE,0.0010,0.5000,0.9000,exp97
11.46230,36.64411,36.10281,0.9739825,0.9022000122070313,0.903969970703125,rbm1,toy,88000,False,False,100,500,None,0.0100,NONE,0.0010,0.5000,0.9000,exp151
12.74268,37.22598,36.67358,0.969386125,0.899760009765625,0.902,rbm1,toy,100000,False,False,100,500,None,0.0100,INVERSE_T,0.0010,0.5000,0.9000,exp313
22.02386,37.64418,37.36307,0.933247375,0.8928499755859375,0.89325,dbm,toy,200000,False,False,100,500,500,0.5000,INVERSE_T,0.0010,0.5000,0.9000,exp259
18.32803,38.68402,38.28347,0.94427875,0.8923400268554688,0.8933400268554688,dbm,toy,154000,True,False,100,500,500,0.0100,NONE,0.0010,0.0000,0.0000,exp469
24.49455,38.89957,38.55431,0.9266339375,0.8980999755859375,0.8991500244140626,dbm,toy,4000,True,False,100,1000,1000,0.0100,INVERSE_T,0.0010,0.5000,0.9000,exp316
19.55774,39.83894,39.38844,0.9408339375,0.8895700073242188,0.8908499755859375,dbm,toy,32000,True,False,100,500,500,0.0100,INVERSE_T,0.0010,0.5000,0.9000,exp307
11.98195,39.98202,39.57063,0.97305675,0.8932100219726562,0.8943300170898437,rbm1,toy,76000,True,False,100,500,None,0.0100,NONE,0.0010,0.5000,0.9000,exp145
15.27539,40.02350,39.46485,0.9547055,0.8880999755859375,0.8901099853515625,dbm,toy,92000,True,False,100,1000,1000,0.5000,INVERSE_T,0.0010,0.5000,0.9000,exp262
10.57346,40.11725,39.86908,0.9777989375,0.8929299926757812,0.8930700073242187,rbm1,toy,99000,True,False,100,500,None,0.5000,INVERSE_T,0.0010,0.5000,0.9000,exp253
11.64919,40.11881,39.72414,0.9742070625,0.8925599975585937,0.893030029296875,rbm1,toy,22000,True,False,100,500,None,0.1000,INVERSE_T,0.0010,0.5000,0.9000,exp280
13.14040,40.17148,39.85680,0.96886875,0.89127001953125,0.8923200073242188,rbm1,toy,100000,True,False,100,500,None,0.0100,INVERSE_T,0.0010,0.5000,0.9000,exp307
12.12765,40.20767,39.84599,0.9724143125,0.8913900146484375,0.892260009765625,rbm1,toy,12000,True,False,100,500,None,0.1000,NONE,0.0010,0.5000,0.9000,exp118
4.12791,40.99451,40.68988,0.9910165,0.884010009765625,0.8846699829101563,dbm,toy,57000,True,False,100,1000,1000,0.1000,NONE,0.0010,0.5000,0.9000,exp127
29.83033,41.38739,40.85389,0.9114005625,0.8825499877929688,0.8837100219726562,dbm,toy,3000,True,False,100,500,500,0.5000,INVERSE_T,0.0010,0.5000,0.9000,exp253
5.35697,41.87763,41.32498,0.985639875,0.8887999877929688,0.8907100219726563,dbm,toy,44000,True,False,100,1000,1000,0.0100,NONE,0.0010,0.5000,0.9000,exp154
18.81055,43.33998,42.99461,0.950263625,0.8821699829101562,0.88227001953125,rbm1,toy,100000,True,False,100,500,None,0.0100,NONE,0.0010,0.0000,0.0000,exp469
21.81087,44.15498,43.64388,0.9346066875,0.8838800048828125,0.885239990234375,dbm,toy,8000,True,False,100,500,500,0.0100,NONE,0.0010,0.5000,0.9000,exp145
3.43688,45.04579,44.40744,0.993221,0.885760009765625,0.8864099731445313,dbm,toy,197000,True,False,100,1000,1000,0.1000,INVERSE_T,0.0010,0.5000,0.9000,exp289
32.30834,48.14792,47.49859,0.903313875,0.875530029296875,0.8763900146484375,dbm,toy,1000,True,False,100,500,500,0.1000,INVERSE_T,0.0010,0.5000,0.9000,exp280
31.27391,50.58120,49.91245,0.90659725,0.871969970703125,0.872219970703125,dbm,toy,1000,True,False,100,500,500,0.1000,NONE,0.0010,0.5000,0.9000,exp118
49.68368,59.53578,59.08048,0.849842375,0.8696300048828125,0.872260009765625,rbm1,toy,100000,False,True,100,1000,None,0.5000,INVERSE_T,0.0010,0.5000,0.9000,exp265
51.12274,60.01434,59.57485,0.8448138125,0.8676599731445312,0.86897998046875,rbm1,toy,97000,False,True,100,1000,None,0.5000,NONE,0.0010,0.5000,0.9000,exp103
50.56569,60.42984,59.85346,0.8472935625,0.8713800048828125,0.8728400268554688,rbm1,toy,97000,False,True,100,1000,None,0.1000,NONE,0.0010,0.5000,0.9000,exp130
102.11434,80.63314,80.09787,0.7075380625,0.8473499755859375,0.8486900024414062,dbm,toy,1000,False,True,100,1000,1000,0.5000,NONE,0.0010,0.5000,0.9000,exp103
103.36129,81.53778,81.09734,0.7047920625,0.84622998046875,0.8474600219726562,dbm,toy,1000,False,True,100,1000,1000,0.5000,INVERSE_T,0.0010,0.5000,0.9000,exp265
99.78462,81.56302,80.98607,0.7164323125,0.8496699829101563,0.8514000244140625,dbm,toy,4000,False,True,100,1000,1000,0.1000,NONE,0.0010,0.5000,0.9000,exp130
75.78946,85.61500,85.36468,0.787028625,0.81425,0.8155399780273438,rbm1,toy,96000,False,False,100,1000,None,0.1000,INVERSE_T,0.0100,0.5000,0.9000,exp214
76.39119,85.83380,85.59963,0.785260125,0.81447998046875,0.8151799926757812,rbm1,toy,100000,False,False,100,1000,None,0.0100,NONE,0.0100,0.5000,0.9000,exp79
77.79975,86.74802,86.49177,0.780772625,0.8119600219726563,0.813489990234375,rbm1,toy,98000,False,False,100,1000,None,0.0100,INVERSE_T,0.0100,0.5000,0.9000,exp241
77.65394,87.62061,87.45335,0.779140625,0.7941199951171874,0.7952000122070313,rbm1,toy,84000,False,False,100,1000,None,0.1000,NONE,0.0100,0.5000,0.9000,exp52
85.78639,89.52827,89.28895,0.737399,0.8098300170898437,0.8113900146484375,rbm1,toy,99000,False,True,100,500,None,0.5000,INVERSE_T,0.0010,0.5000,0.9000,exp256
78.18401,89.67458,89.38042,0.781213,0.8041300048828125,0.8060499877929688,rbm1,toy,100000,True,False,100,1000,None,0.1000,INVERSE_T,0.0100,0.5000,0.9000,exp208
78.66374,90.08211,89.83768,0.779807,0.8040499877929688,0.8050599975585937,rbm1,toy,98000,True,False,100,1000,None,0.0100,NONE,0.0100,0.5000,0.9000,exp73
86.63427,90.52804,89.93973,0.736518375,0.8126699829101562,0.8140999755859375,rbm1,toy,98000,False,True,100,500,None,0.1000,NONE,0.0010,0.5000,0.9000,exp121
91.65222,90.66724,90.35620,0.733637375,0.799010009765625,0.7998200073242188,rbm1,toy,100000,False,True,100,1000,None,0.0100,NONE,0.0010,0.0000,0.0000,exp481
79.35294,90.79860,90.64322,0.776631625,0.7936900024414062,0.7951799926757812,rbm1,toy,97000,True,False,100,1000,None,0.1000,NONE,0.0100,0.5000,0.9000,exp46
80.08829,91.10369,90.85548,0.7751284375,0.8018699951171875,0.8025999755859375,rbm1,toy,99000,True,False,100,1000,None,0.0100,INVERSE_T,0.0100,0.5000,0.9000,exp235
87.86584,92.35701,91.93956,0.7346125,0.8091199951171875,0.810510009765625,rbm1,toy,96000,False,True,100,500,None,0.1000,INVERSE_T,0.0010,0.5000,0.9000,exp283
85.68819,94.75588,94.53354,0.7596741875,0.78847998046875,0.7891699829101563,rbm1,toy,94000,False,False,100,500,None,0.1000,INVERSE_T,0.0100,0.5000,0.9000,exp205
86.55485,95.66626,95.47453,0.755756125,0.7770700073242187,0.7768499755859375,rbm1,toy,93000,False,False,100,500,None,0.1000,NONE,0.0100,0.5000,0.9000,exp43
86.83649,95.88084,95.63009,0.7559695625,0.7842999877929687,0.7861900024414062,rbm1,toy,97000,False,False,100,500,None,0.0100,NONE,0.0100,0.5000,0.9000,exp70
91.48618,96.17262,95.89809,0.726431,0.8001699829101563,0.8001599731445312,rbm1,toy,100000,False,True,100,500,None,0.0100,NONE,0.0010,0.5000,0.9000,exp148
87.02863,96.28394,96.08197,0.75532525,0.7820700073242187,0.7835,rbm1,toy,94000,True,False,100,500,None,0.1000,INVERSE_T,0.0100,0.5000,0.9000,exp199
87.52652,96.40209,96.22903,0.7530328125,0.7764199829101562,0.7783300170898437,rbm1,toy,92000,True,False,100,500,None,0.1000,NONE,0.0100,0.5000,0.9000,exp37
87.82984,96.80311,96.58819,0.751954375,0.7769600219726562,0.7785800170898437,rbm1,toy,98000,True,False,100,500,None,0.5000,INVERSE_T,0.0100,0.5000,0.9000,exp172
88.09733,97.40459,97.18437,0.7520913125,0.7783800048828124,0.7794500122070313,rbm1,toy,100000,True,False,100,500,None,0.0100,NONE,0.0100,0.5000,0.9000,exp64
88.70410,97.40477,97.17765,0.75007275,0.7796099853515625,0.78027001953125,rbm1,toy,100000,False,False,100,500,None,0.0100,INVERSE_T,0.0100,0.5000,0.9000,exp232
88.22062,97.42316,97.25504,0.751597875,0.777739990234375,0.7786599731445313,rbm1,toy,100000,True,False,100,500,None,0.1000,NONE,0.0100,0.0000,0.0000,exp361
90.38347,99.75409,99.56615,0.7452435,0.7704299926757813,0.7706699829101562,rbm1,toy,100000,True,False,100,500,None,0.0100,INVERSE_T,0.0100,0.5000,0.9000,exp226
