expid,model_name,train-ll,valid-ll,test-ll,train-pll,valid-pll,test-pll,train-imperr,valid-imperr,test-imperr
exp155,rbm,-61.722265608744806,-123.33119863353392,-121.63274693109042,-11.3527,-101.402,-99.7127,0.0162332,0.379423,0.371274
exp174,rbm,-114.21055991243719,-126.45558077142505,-126.87501799562432,-90.9194,-112.014,-112.441,0.331275,0.413272,0.413873
exp423,rbm,-87.611655129463657,-131.87931395604494,-132.48994974437585,-30.102,-118.251,-119.228,0.0856152,0.41227,0.415539
exp83,rbm,,,,-62.6572,-110.029,-108.323,0.285842,0.438422,0.431514
exp156,rbm,,,,-27.7608,-113.178,-113.949,0.0771447,0.393878,0.395316
exp65,rbm,-87.222114074295575,-109.86321615081306,-108.4645594830273,-58.8967,-95.6423,-93.9812,0.233737,0.393361,0.384591
exp36,dbm,-126.36361664934924,-131.16571051187458,-131.62290067417723,-117.994,-125.318,-125.801,0.434602,0.461058,0.462417
exp47,rbm,,,,-60.4037,-97.251,-95.5808,0.253875,0.401196,0.39356
exp111,rbm,-114.59684365585579,-130.59262490435421,-130.99684353734895,-92.6312,-118.827,-119.333,0.358223,0.435888,0.436332
exp44,dbm,,,,-86.6974,-115.948,-114.238,0.341901,0.425351,0.418913
exp164,dbm,,,,-92.1959,-106.157,-104.741,0.387814,0.438504,0.432797
exp291,dbm,-131.88225170841474,-220.01368947710353,-221.95831154326106,-35.465,-300.238,-305.19,0.0859508,0.45816,0.463241
exp216,dbm,-129.99461147310524,-138.28887304611169,-138.61509408995937,-120.329,-136.542,-136.842,0.403143,0.445149,0.446293
exp296,rbm,-65.833312511949771,-125.96909572963432,-124.17254488197614,-11.8659,-103.751,-101.767,0.0190289,0.38489,0.377149
exp141,rbm,-170.66539094712545,-178.72894380243474,-179.37843800362401,-118.025,-126.517,-126.818,0.446091,0.466812,0.467239
exp369,rbm,,,,-88.5183,-111.514,-111.928,0.317381,0.409252,0.409898
exp108,rbm,-102.43024871654859,-150.80256507711397,-151.2623068099158,-37.8795,-128.354,-128.959,0.148969,0.426987,0.426237
exp255,rbm,,,,-27.8871,-120.517,-121.27,0.0770921,0.416381,0.417991
exp162,rbm,,,,-29.4094,-112.457,-112.976,0.0801722,0.393558,0.393817
exp228,dbm,-118.60035384950993,-128.38134853362078,-128.92136186515904,-103.756,-122.832,-123.402,0.366876,0.424755,0.426037
exp300,rbm,,,,-95.6598,-119.906,-120.552,0.36715,0.438307,0.441026
exp363,rbm,,,,-88.3473,-110.959,-111.442,0.315984,0.408088,0.409045
exp138,rbm,,,,-93.834,-119.222,-119.897,0.361717,0.435486,0.438477
exp174,dbm,-123.97052211061043,-130.89211910557111,-131.41084863557506,-111.602,-121.739,-121.973,0.40617,0.439611,0.439856
exp60,dbm,-195.03418003027014,-198.2087569184244,-199.14651415908855,-138.689,-140.412,-140.976,0.525193,0.531122,0.534427
exp125,rbm,-67.284832056913274,-125.56869241434833,-123.89351158593286,-11.7299,-105.411,-103.425,0.0168329,0.396406,0.389292
exp299,rbm,-88.951006660231542,-119.15503851474205,-117.57009106828335,-61.0065,-109.064,-107.233,0.278388,0.43416,0.426111
exp326,dbm,-119.31201941750146,-128.52242528717557,-127.30812804460908,-94.4573,-107.332,-106.08,0.399669,0.448328,0.443184
exp126,dbm,,,,-63.4619,-354.863,-359.498,0.113829,0.438087,0.441226
exp243,rbm,,,,-87.0386,-110.898,-111.31,0.31807,0.408495,0.409529
exp326,rbm,-104.02716748637741,-116.1383558676628,-114.91031790383366,-85.1523,-104.096,-102.645,0.350599,0.431102,0.426071
exp344,dbm,-152.67090961035262,-159.03690459765227,-158.52587578297005,-110.396,-118.472,-117.572,0.465392,0.493687,0.490836
exp188,dbm,-114.63503922623204,-126.26348006264072,-124.71773644056589,-88.947,-107.434,-105.898,0.36832,0.431887,0.424734
exp134,rbm,-65.061351620255664,-127.31145187273432,-125.25296349270445,-12.6499,-107.997,-105.815,0.0303835,0.39535,0.386955
exp185,rbm,-154.94917843492442,-172.897517451814,-171.12401564276877,-101.256,-122.494,-120.629,0.410211,0.466745,0.459162
exp90,dbm,-123.62533236342858,-138.07299672472357,-138.42999969894066,-105.78,-130.466,-131.233,0.379948,0.434749,0.435676
exp62,rbm,-103.15328851362307,-115.16935412613793,-113.99476880955459,-84.8307,-103.522,-102.055,0.34746,0.428693,0.422302
exp12,dbm,-151.6558644256757,-155.1968208044724,-155.97774184987856,-128.442,-132.643,-133.121,0.481867,0.494263,0.497012
exp393,dbm,-260.77826482938053,-265.54113901538346,-266.58901987747083,-131.357,-134.228,-134.722,0.493753,0.505444,0.507021
exp153,dbm,,,,-67.6226,-339.811,-344.055,0.120551,0.426355,0.429527
exp60,rbm,-182.07579406803171,-185.31528587942728,-186.2384884423951,-137.353,-140.274,-140.98,0.515001,0.523419,0.525932
exp107,dbm,-99.761553141129639,-202.70754402042792,-199.88604753921368,-25.8442,-358.338,-351.087,0.046193,0.427637,0.420965
exp56,dbm,,,,-89.934,-105.812,-104.497,0.377113,0.435066,0.430784
exp51,rbm,-211.60417339694436,-220.18838455773005,-220.8400513352907,-134.725,-144.976,-145.011,0.465115,0.489668,0.490858
exp236,dbm,-96.135992126649171,-118.03619764984865,-116.1575842178728,-70.128,-108.071,-106.299,0.284394,0.398747,0.390899
exp189,rbm,-116.40090885665478,-128.03404792675343,-128.383701148635,-93.1541,-113.585,-113.987,0.339036,0.418757,0.41971
exp263,dbm,-231.50858717720791,-307.93711576449164,-307.31824305512771,-1.74624,-184.817,-182.501,0.004126,0.379843,0.376528
exp95,rbm,-112.44809492895814,-177.88687251785882,-176.475874956469,-34.3897,-116.08,-114.309,0.163167,0.381967,0.376298
exp372,dbm,,,,-110.603,-128.378,-128.865,0.386956,0.438389,0.439646
exp290,rbm,-62.872753272331465,-125.39379611311824,-123.640184659304,-11.1953,-101.959,-100.049,0.0185058,0.37872,0.371152
exp345,rbm,-124.3028752999403,-135.90072157503909,-136.25203939097929,-99.6563,-118.133,-118.472,0.361436,0.423303,0.423728
exp209,dbm,,,,-74.7876,-107.088,-105.195,0.307806,0.408761,0.399638
exp299,dbm,-96.880801741421294,-127.71147426084565,-125.53000915558596,-65.4003,-118.987,-116.795,0.281007,0.411048,0.402528
exp170,dbm,,,,-92.3837,-107.195,-105.943,0.386885,0.440831,0.435228
exp269,rbm,-62.881610249226696,-125.02796513514261,-123.2948190336939,-11.442,-105.728,-103.9,0.0221404,0.388462,0.381161
exp47,dbm,,,,-78.5289,-110.052,-108.045,0.319472,0.414674,0.405324
exp255,dbm,,,,-65.5852,-315.056,-318.765,0.127082,0.419035,0.422832
exp290,dbm,-92.937876434198643,-202.24681333329852,-198.85948814501228,-7.41502,-243.2,-240.269,0.0210672,0.403226,0.398504
exp143,dbm,,,,-57.8974,-121.234,-118.433,0.262163,0.424241,0.415522
exp194,rbm,-174.91628752443626,-181.67136218135425,-180.60899783584452,-112.553,-120.205,-118.566,0.483496,0.508505,0.498737
exp179,dbm,-114.8392058940895,-126.3055954112819,-124.7238000503279,-89.2233,-107.35,-105.645,0.369723,0.431576,0.425517
exp215,rbm,-86.533777175104433,-111.30856603777829,-110.01634219761957,-57.8513,-97.494,-95.8138,0.242733,0.401156,0.392398
exp68,dbm,-225.37561849088991,-236.47947850359958,-234.90696550507903,-107.593,-114.872,-113.685,0.453429,0.487205,0.479422
exp263,rbm,-58.831313275901266,-122.91488085316814,-121.08619311580321,-12.6549,-104.972,-103.146,0.0298469,0.385431,0.376852
exp170,rbm,,,,-85.1927,-104.154,-102.803,0.35072,0.430425,0.423964
exp236,rbm,-84.832848716484364,-108.71013914101229,-107.38156648670991,-57.7765,-95.2531,-93.6887,0.23628,0.391913,0.38451
exp128,rbm,-64.569719402054261,-127.53905543958649,-125.67629820278341,-10.9721,-102.197,-100.419,0.0190605,0.379531,0.37203
exp180,dbm,,,,-119.383,-126.067,-126.454,,,
exp129,rbm,-82.292147604042498,-130.4423554341156,-131.08680785790443,-28.737,-114.49,-115.424,0.0863241,0.395521,0.398113
exp366,dbm,,,,-130.913,-133.814,-134.389,0.49374,0.504961,0.507208
exp101,rbm,-59.570782561971896,-123.86036060146398,-121.98551753469508,-12.7058,-105.394,-103.596,0.0307308,0.385919,0.377743
exp344,rbm,-90.956963414743086,-115.74084382095521,-114.18834041635893,-60.7241,-99.1157,-97.3293,0.257784,0.405933,0.39953
exp132,dbm,,,,-78.1537,-123.723,-124.552,,,
exp116,dbm,-104.51343833924875,-137.22996676984485,-135.28444456950785,-62.6717,-120.888,-118.609,0.269076,0.407719,0.401245
exp212,dbm,-213.1934556343283,-223.36885962495512,-221.17008979806508,-109.161,-115.743,-114.412,0.466871,0.495974,0.488351
exp56,rbm,,,,-84.9413,-103.651,-102.192,0.348778,0.428802,0.422167
exp399,rbm,-111.75135936253173,-125.00116165402233,-125.34977149100439,-88.5705,-110.63,-111.05,0.323416,0.407221,0.408078
exp201,rbm,-112.5248472380988,-125.35412265037701,-125.75569863599446,-88.3059,-110.906,-111.348,0.316477,0.407657,0.408658
exp104,rbm,-182.22959486223704,-271.23367587708276,-269.69731639118731,-22.4791,-130.678,-127.876,0.103658,0.403064,0.394978
exp12,rbm,-120.22128803978643,-132.14031573768142,-132.56111443863682,-96.0994,-116.584,-116.97,0.356621,0.43138,0.433066
exp318,dbm,-126.74935747523682,-210.03031812949666,-212.02227012686444,-65.9362,-316.872,-320.822,0.137698,0.453915,0.457992
exp57,dbm,-121.41410280307468,-126.43833511350738,-126.84810369072471,-116.599,-124.37,-124.756,0.430288,0.457442,0.459352
exp152,rbm,-62.643222157625928,-119.75392341389204,-117.7457923297892,-11.9381,-103.418,-100.761,0.011733,0.391697,0.380945
exp207,dbm,,,,-117.133,-133.235,-133.527,0.399542,0.443831,0.445053
exp294,dbm,,,,-77.4548,-121.821,-122.491,0.267655,0.380992,0.383076
exp86,dbm,,,,-94.7784,-105.751,-104.49,0.413697,0.453579,0.444967
exp147,dbm,,,,-75.9096,-254.525,-256.099,0.186603,0.450945,0.45295
exp116,rbm,-87.123384248375999,-121.22379149454872,-119.81494386668584,-55.997,-111.227,-109.305,0.258204,0.434836,0.427853
exp63,rbm,-126.52583963442277,-132.38116072448264,-132.7271312061257,-112.327,-121.605,-121.924,0.412271,0.449379,0.450076
exp74,dbm,-94.090087783156605,-117.08648651539113,-115.291603228756,-66.943,-107.739,-105.826,0.27267,0.400005,0.392601
exp216,rbm,-111.76689719062142,-126.09192262904037,-126.51174009210445,-86.1578,-111.119,-111.583,0.3161,0.409808,0.410127
exp240,dbm,-409.86641140959659,-417.13933130331202,-418.41015221070325,-127.594,-131.439,-131.885,0.475833,0.491844,0.492956
exp210,rbm,,,,-85.3917,-109.53,-109.984,0.30993,0.403177,0.40372
exp41,rbm,-174.05628713731625,-188.83892129556779,-187.05137384888462,-100.743,-117.705,-116.02,0.416799,0.464864,0.457001
exp258,dbm,-233.68719092830338,-265.74511668431137,-266.82275437864052,-90.3406,-117.238,-117.745,0.322557,0.40072,0.402423
exp131,rbm,-93.96868740706725,-188.70761591912344,-186.19160598631004,-11.765,-125.295,-123.112,0.0575699,0.366203,0.359091
exp288,dbm,-105.95080024513527,-170.35597165594663,-171.45489193306116,-65.319,-344.979,-349.758,0.114472,0.423432,0.427702
exp113,dbm,-154.07915058674223,-171.94737264648887,-170.1443621314873,-93.3678,-104.763,-103.593,0.406811,0.447814,0.441563
exp80,rbm,,,,-58.4547,-97.1779,-95.53,0.24405,0.400628,0.392263
exp8,rbm,,,,-88.2373,-105.953,-104.426,0.367968,0.442793,0.435471
exp171,dbm,-135.03575547103998,-139.21272153388509,-139.72936511620924,-120.223,-126.378,-126.873,0.445565,0.467718,0.468848
exp78,dbm,,,,-127.245,-131.159,-131.624,0.474259,0.490675,0.491476
exp336,dbm,,,,-121.118,-127.046,-127.297,0.451513,0.47132,0.471971
exp350,dbm,-120.04270121968921,-132.93969402967338,-131.83464470330443,-88.2995,-106.312,-104.782,0.368672,0.43029,0.424207
exp194,dbm,-180.26184943505348,-185.75165194894743,-184.49578889826677,-120.511,-124.351,-123.313,0.521852,0.536976,0.529478
exp17,rbm,,,,-70.8419,-102.938,-101.539,0.303287,0.422428,0.4169
exp17,dbm,,,,-93.748,-109.251,-107.763,0.391462,0.443904,0.437781
exp24,dbm,-239.68205692278593,-243.6823380164534,-244.99249952147511,-133.778,-136.195,-136.927,0.508863,0.517076,0.520319
exp239,rbm,-140.29514530968947,-157.80143212803046,-156.10603522291331,-92.5807,-113.316,-111.505,0.38054,0.439641,0.433229
exp71,dbm,-104.58037466273868,-122.13033708113403,-120.38441256328474,-80.4595,-114.03,-112.132,0.320319,0.418977,0.413037
exp6,rbm,-180.60878641768693,-183.76971001255043,-184.70642953675554,-136.261,-139.264,-139.935,0.513692,0.522734,0.52518
exp420,rbm,,,,-70.6502,-124.702,-125.662,0.27068,0.399168,0.400602
exp53,dbm,,,,-97.5469,-125.346,-123.771,0.36796,0.441534,0.436444
exp48,rbm,-113.02901324662867,-126.87271767072059,-127.27401878434682,-88.2123,-111.563,-112.022,0.326843,0.413688,0.413882
exp198,dbm,,,,-118.113,-125.399,-125.809,0.434659,0.46057,0.461948
exp66,rbm,-112.63108707458133,-125.46068601938623,-125.79854306146285,-88.269,-110.948,-111.34,0.31533,0.407522,0.408016
exp377,dbm,,,,-99.8621,-127.272,-126.199,0.375647,0.450994,0.448654
exp113,rbm,-174.93390600085331,-192.95515135569485,-191.64863060642179,-87.4875,-107.952,-106.272,0.382615,0.438612,0.431068
exp371,rbm,-85.03754870220007,-109.47214937520022,-108.0983507977395,-56.7802,-95.1308,-93.5425,0.232181,0.391115,0.382322
exp165,dbm,,,,-119.183,-125.576,-125.852,0.442172,0.463794,0.464845
exp372,rbm,,,,-85.2329,-109.572,-110.03,0.308989,0.403297,0.403859
exp197,rbm,,,,-84.3624,-103.484,-101.884,0.345224,0.426718,0.419817
exp117,dbm,-119.18396514327719,-134.14056706800625,-134.61696130447154,-102.508,-131.024,-131.973,0.363449,0.426014,0.428278
exp30,dbm,-125.57108983908302,-130.31996442897344,-130.80875781664844,-118.007,-125.208,-125.629,0.435004,0.460111,0.461928
exp9,rbm,-129.51709709228425,-135.05733928919165,-135.58087207730966,-115.053,-123.887,-124.438,0.42617,0.460033,0.462886
exp272,dbm,-85.23001137911308,-117.77384947287118,-115.72188488887343,-62.5192,-117.207,-115.058,0.272629,0.406704,0.39899
exp105,dbm,-255.56654935780216,-305.37128295332059,-306.96352151847407,-77.4705,-123.158,-123.932,0.264735,0.379905,0.381888
exp182,dbm,-107.97215278292958,-124.15416282093338,-122.51765367052406,-79.2116,-100.873,-99.4187,0.332688,0.405445,0.399611
exp213,rbm,,,,-135.639,-145.98,-146.071,0.463528,0.488529,0.488689
exp90,rbm,-122.02794339556186,-138.0480353358185,-138.74434759483688,-96.2322,-122.588,-123.35,0.370236,0.444368,0.446413
exp39,dbm,-120.05865977030783,-128.90666072042711,-129.4306741980331,-109.807,-125.487,-125.887,0.387208,0.432444,0.434905
exp42,dbm,,,,-132.205,-134.795,-135.445,0.500128,0.509512,0.512375
exp444,rbm,-90.277532511494201,-135.35390131772016,-135.74946285756778,-32.1575,-121.014,-121.396,0.101347,0.418833,0.41902
exp159,dbm,,,,-78.4802,-119.934,-120.552,0.275449,0.382089,0.3841
exp75,dbm,,,,-102.226,-125.329,-125.924,0.353933,0.419797,0.422474
exp144,rbm,,,,-93.1283,-119.884,-120.076,0.359333,0.436099,0.436783
exp381,dbm,,,,-117.924,-125.071,-125.534,0.436232,0.461451,0.462882
exp183,rbm,,,,-89.3641,-111.408,-111.846,0.33138,0.411499,0.413226
exp192,rbm,-126.74784197762182,-132.56396005674586,-133.00079042911568,-112.198,-121.359,-121.911,0.412004,0.448698,0.450263
exp209,rbm,,,,-55.7917,-95.0954,-93.4831,0.227365,0.390993,0.383038
exp161,dbm,-90.555865509561272,-150.74045328196598,-148.12340327896709,-41.1509,-210.551,-207.35,0.132986,0.475501,0.470265
exp296,dbm,-90.087599180689267,-189.83016361325349,-186.11010375605406,-10.4442,-240.23,-236.783,0.0363042,0.478491,0.47194
exp141,dbm,-178.47850175809543,-186.9388997166426,-187.35483401952155,-119.027,-123.815,-124.159,0.455339,0.470769,0.471061
exp96,dbm,-240.27515310075751,-272.82268851598758,-273.72909399831553,-88.3829,-115.005,-115.381,0.319329,0.398775,0.399975
exp471,dbm,,,,-77.3288,-305.306,-307.026,0.148013,0.413276,0.414399
exp120,dbm,,,,-36.9527,-299.808,-301.992,,,
exp45,rbm,-116.40945850584626,-129.32979412000628,-129.62525961185804,-90.6793,-113.697,-113.999,0.33225,0.417918,0.419791
exp101,dbm,-323.48540969573287,-410.5513946628671,-411.02159756005949,-35.6331,-365.148,-359.911,0.0682794,0.4255,0.418115
exp171,rbm,-127.51773558537957,-133.27231263527847,-133.72855243388778,-112.833,-121.824,-122.348,0.415498,0.450821,0.453332
exp110,rbm,,,,-67.8742,-108.406,-106.632,0.304519,0.435459,0.427057
exp342,rbm,,,,-102.543,-119.248,-119.63,0.373462,0.435783,0.436419
exp65,dbm,-97.01097396976661,-117.16828805100806,-115.28061673445745,-69.1364,-106.048,-104.26,0.284083,0.402861,0.396464
exp482,dbm,-142.23241523485831,-219.28566326452903,-216.2871247954846,-48.0509,-108.739,-107.083,0.195404,0.362495,0.356254
exp155,dbm,-84.945312212088311,-165.10485043241351,-162.30192687322187,-15.8225,-214.367,-210.606,0.0454129,0.400465,0.395573
exp401,dbm,-215.43232463251877,-226.4385132188213,-225.01021156235527,-106.741,-114.426,-113.165,0.450204,0.485094,0.477342
exp77,rbm,-154.83304340538609,-172.73541240942131,-171.1277209903426,-94.8103,-116.131,-114.308,0.387696,0.446664,0.440739
exp96,rbm,-187.79105777347206,-224.64497392919344,-225.64179598133148,-76.3659,-129.11,-129.741,0.287922,0.405333,0.407489
exp420,dbm,,,,-90.2244,-116.307,-116.812,0.322938,0.399312,0.401287
exp297,rbm,,,,-26.969,-111.889,-112.413,0.0665956,0.391354,0.392644
exp27,rbm,,,,-103.676,-120.377,-120.704,0.390493,0.446912,0.446586
exp218,rbm,,,,-85.6371,-103.956,-102.361,0.352678,0.431007,0.424558
exp192,dbm,-124.39618537100256,-129.2330584244109,-129.72551623112497,-117.81,-125.156,-125.674,0.433877,0.45945,0.461383
exp234,rbm,-113.70551868118184,-126.29423428036409,-126.65957265099348,-89.4207,-111.624,-111.987,0.320822,0.409702,0.410209
exp57,rbm,-127.18109053501507,-133.08432549384915,-133.41861414515446,-112.28,-121.685,-122.08,0.41165,0.448828,0.451255
exp15,dbm,,,,-134.113,-136.425,-137.113,0.509339,0.517507,0.520334
exp104,dbm,-175.47325456814826,-261.18550924621468,-257.99685160371712,-41.4413,-113.912,-111.645,0.168262,0.364322,0.355849
exp51,dbm,-310.1545288516179,-315.59349115622194,-316.58523443317631,-130.914,-133.752,-134.405,0.495418,0.505852,0.508112
exp182,rbm,-86.453056068045271,-111.28888652436501,-109.92371033775635,-57.8913,-96.7828,-95.1322,0.24253,0.397759,0.390035
exp78,rbm,,,,-130.088,-140.178,-140.328,0.450771,0.47613,0.477263
exp201,dbm,-118.4339591135307,-127.48007949644034,-127.89336397656245,-108.979,-125.173,-125.463,0.385003,0.431778,0.433598
exp153,rbm,,,,-32.5296,-118.588,-119.386,0.0973126,0.414857,0.415046
exp309,dbm,,,,-69.4664,-305.841,-308.332,0.136486,0.415729,0.417445
exp242,dbm,-104.71350027441395,-123.01162034726462,-121.13621532683032,-83.6494,-118.228,-116.165,0.327963,0.427814,0.421627
exp117,rbm,-115.36644662778849,-132.10224115072299,-132.6893525071248,-92.113,-119.81,-120.757,0.356386,0.435294,0.43786
exp242,rbm,-85.888876226790899,-109.87199776823627,-108.52025878260997,-58.4403,-96.6661,-95.0608,0.242584,0.398734,0.390197
exp74,rbm,-84.265990050985124,-108.56259756416006,-107.29417718332297,-56.8076,-95.0973,-93.4982,0.23081,0.390831,0.38347
exp231,rbm,-206.12018555380405,-212.82580165590946,-213.57928520020715,-129.056,-136.343,-136.624,0.463458,0.483082,0.484671
exp213,dbm,,,,-130.853,-133.72,-134.361,0.494952,0.505492,0.50772
exp366,rbm,,,,-132.643,-140.372,-140.576,0.471167,0.491178,0.492323
exp315,rbm,,,,-37.4483,-119.906,-120.819,0.129763,0.416855,0.418298
exp50,rbm,-157.37769660008462,-175.38896437495498,-173.76445455406815,-100.651,-121.791,-119.984,0.406554,0.463037,0.456312
exp87,rbm,,,,-117.248,-126.507,-126.637,0.444468,0.467622,0.468087
exp186,dbm,-261.249023153753,-265.83334645366006,-266.92416976439063,-132.938,-135.282,-135.991,0.505488,0.514148,0.516138
exp68,rbm,-170.32996373493785,-184.89009548319541,-183.4029836415483,-100.229,-117.272,-115.611,0.413061,0.461183,0.456015
exp134,dbm,-81.84789922437335,-185.8209553619397,-182.22820977191623,-15.7737,-358.782,-348.405,0.0319708,0.442198,0.432243
exp234,dbm,-118.87285853609797,-127.53041602108976,-127.91996757611344,-110.098,-127.701,-128.156,0.384703,0.435688,0.436404
exp347,rbm,-173.8623992722238,-191.41373748181047,-189.96118448846141,-98.2342,-119.056,-117.199,0.404336,0.46232,0.454786
exp71,rbm,-88.04394630396223,-110.60483662464725,-109.29189344753502,-59.3895,-96.3631,-94.8323,0.238052,0.396757,0.38863
exp140,dbm,,,,-93.6645,-105.111,-103.722,0.408011,0.449844,0.441779
exp323,dbm,-84.867621778879766,-178.21505607469589,-175.17418785655855,-30.6116,-360.208,-354.709,0.0575788,0.444499,0.437889
exp77,dbm,-261.95927295010404,-275.45565422439267,-274.21575042314828,-104.525,-113.067,-111.796,0.437361,0.477137,0.469211
exp132,rbm,,,,-44.922,-132.288,-133.473,0.182189,0.382285,0.386107
exp198,rbm,,,,-112.322,-121.392,-121.835,0.412419,0.44823,0.449999
exp138,dbm,,,,-100.513,-125.857,-127.267,0.363593,0.422838,0.42572
exp339,dbm,,,,-133.88,-136.13,-136.846,0.509187,0.517407,0.519825
exp282,dbm,-78.928729981566107,-150.60602083693209,-151.85721632085267,-35.1353,-292.956,-294.053,0.0879273,0.439529,0.442294
exp363,dbm,,,,-107.173,-124.707,-125.077,0.3773,0.428563,0.429445
exp6,dbm,-188.09908837407363,-191.04810681306509,-191.92044065725946,-139.823,-141.504,-142.034,0.530568,0.536393,0.539494
exp396,dbm,-131.48602363221653,-139.57650022561074,-139.98974587644148,-110.225,-126.421,-126.832,0.388214,0.43664,0.438463
exp29,dbm,-112.19615326264227,-122.61273437681365,-120.99385741714264,-90.3424,-106.168,-104.766,0.378321,0.436744,0.430393
exp312,rbm,,,,-75.0168,-120.735,-121.579,0.28422,0.393778,0.396096
exp120,rbm,,,,-28.6602,-121.614,-121.761,,,
exp59,dbm,-202.41362842321814,-208.2649801165183,-206.75798432899768,-119.674,-123.694,-122.657,0.517388,0.533661,0.526898
exp167,dbm,-186.54808180312213,-191.59366250860495,-190.52553367153948,-121.662,-125.303,-124.25,0.528174,0.541956,0.53503
exp131,dbm,-201.45941582445494,-296.97935841837909,-292.20477904094548,-37.0784,-115.887,-113.778,0.147078,0.358205,0.352094
exp123,rbm,-150.68958514387782,-188.49956276267261,-189.41130654107764,-72.1386,-126.52,-127.524,0.274807,0.397922,0.401081
exp167,rbm,-167.0667525543557,-173.71026695021172,-172.6553677848583,-112.453,-119.931,-118.336,0.483911,0.50929,0.500074
exp150,rbm,,,,-70.4663,-122.005,-122.916,0.270993,0.394497,0.395575
exp204,rbm,,,,-131.606,-139.454,-139.642,0.46876,0.488946,0.490054
exp86,rbm,,,,-90.2863,-109.504,-107.733,0.393568,0.44596,0.437673
exp393,rbm,-193.38361398590371,-199.3583429186674,-200.22637635771531,-129.552,-135.977,-136.321,0.463645,0.480457,0.482846
exp8,dbm,,,,-98.4441,-110.821,-109.597,0.415979,0.460088,0.454557
exp282,rbm,-90.573934730781843,-136.59121552350518,-136.96127614502825,-29.4798,-120.539,-120.797,0.0848265,0.416931,0.418963
exp83,dbm,,,,-68.8097,-120.792,-118.507,0.291979,0.417015,0.409457
exp144,dbm,,,,-101.355,-128.726,-129.717,0.363475,0.424765,0.427253
exp177,dbm,-222.61423833464653,-226.92571205672868,-228.04800423267005,-134.003,-136.331,-137.032,0.509266,0.51791,0.520496
exp63,dbm,-123.94289638958941,-128.82418430422575,-129.23655051005176,-117.304,-124.931,-125.312,0.43194,0.459133,0.460305
exp243,dbm,,,,-111.567,-130.782,-131.327,0.385529,0.439889,0.442423
exp147,rbm,,,,-32.2882,-121.228,-121.765,0.102542,0.419389,0.421108
exp345,dbm,-191.76400283250956,-193.55096544402693,-194.93008392424036,-143.078,-145.877,-146.554,0.53086,0.5392,0.541558
exp39,rbm,-113.71448819099243,-126.4283256410194,-126.87241644422573,-89.867,-112.104,-112.567,0.326076,0.413779,0.414132
exp444,dbm,-89.517551076944756,-158.56567456700191,-159.53788488574344,-48.6926,-298.751,-300.298,0.110993,0.432947,0.434019
exp33,dbm,-199.78091544955606,-202.89242879126317,-203.83894052950342,-138.933,-140.663,-141.238,0.526116,0.532148,0.53482
exp2,dbm,-121.56765646057474,-130.5011964790836,-129.20277322836037,-97.2732,-109.926,-108.683,0.412019,0.459032,0.453044
exp11,dbm,,,,-113.473,-120.213,-119.153,0.483112,0.507761,0.503289
exp107,rbm,-72.316285096783986,-136.18966200315299,-134.21811306405345,-17.6479,-117.096,-115.124,0.0698081,0.409708,0.404852
exp108,dbm,-126.72998168085655,-193.59987632294747,-194.84445474885536,-94.2195,-350.781,-355.712,0.154634,0.424583,0.428254
exp135,dbm,-109.46667683601936,-190.39867071391859,-191.30133901257727,-75.0077,-433.537,-436.556,0.113476,0.468973,0.470932
exp390,rbm,-114.49265670204687,-126.29113840804428,-126.65469432207959,-91.9531,-112.079,-112.48,0.332689,0.41192,0.412666
exp114,rbm,,,,-116.929,-125.891,-126.231,0.442523,0.464417,0.465454
exp197,dbm,,,,-90.8043,-106.883,-105.364,0.379814,0.439167,0.432
exp30,rbm,-127.13086654262236,-132.86481586135488,-133.31529802970903,-112.774,-121.737,-122.229,0.414082,0.449987,0.451532
exp164,rbm,,,,-85.1596,-104.018,-102.591,0.35183,0.430777,0.424815
exp371,dbm,-99.583595382052408,-121.69389146467563,-119.54125823507229,-71.9973,-108.826,-106.932,0.293715,0.404363,0.396964
exp191,rbm,,,,-84.6651,-103.621,-101.973,0.347537,0.428192,0.42137
exp21,dbm,nan,nan,nan,-214.512,-215.13,-214.455,0.647079,0.647685,0.647286
exp165,rbm,,,,-112.643,-121.657,-122.137,0.414264,0.450246,0.451958
exp264,rbm,,,,-21.2589,-111.873,-112.779,0.0440465,0.385922,0.388602
exp44,rbm,,,,-63.2341,-99.1868,-97.7653,0.263733,0.40757,0.40184
exp111,dbm,-80.049120161522978,-95.68377947975938,-96.362157064673909,-99.9941,-125.88,-126.676,0.364327,0.424664,0.426937
exp401,rbm,-162.64687844437697,-179.19733615737721,-177.26635710586129,-95.644,-115.071,-113.198,0.388242,0.441955,0.434999
exp281,rbm,,,,-12.303,-105.888,-103.516,0.0177077,0.39826,0.38894
exp269,dbm,-74.753814774895773,-169.04586115066945,-165.77609731273344,-7.68371,-328.87,-322.335,0.0168284,0.427056,0.419615
exp53,rbm,,,,-64.0195,-101.891,-100.019,0.277459,0.417597,0.410862
exp72,rbm,-113.34498120399326,-126.19314749990588,-126.60549374317804,-88.5124,-111.422,-111.869,0.317035,0.409243,0.410233
exp140,rbm,,,,-88.5569,-108.236,-106.741,0.387336,0.438856,0.43481
exp369,dbm,,,,-121.487,-137.22,-137.533,0.414499,0.45863,0.458912
exp95,dbm,-173.21953858571726,-238.33787132777013,-234.96469497145165,-49.5839,-96.5691,-94.9478,0.219939,0.371358,0.365128
exp482,rbm,-103.48394484061328,-171.56600879352311,-168.90831361921357,-36.6433,-121.818,-119.478,0.173019,0.374051,0.368113
exp102,dbm,nan,nan,nan,-894.547,-895.207,-897.693,0.677077,0.679227,0.681023
exp137,dbm,-94.46790054137773,-126.30040921175862,-124.07563482267784,-63.3598,-117.924,-115.913,0.273328,0.407597,0.399625
exp264,dbm,,,,-72.7091,-338.77,-343.637,0.121418,0.4141,0.417842
exp62,dbm,-111.19370317837019,-121.51105942338114,-119.90423453206671,-90.4146,-106.46,-105.017,0.377631,0.436569,0.430812
exp258,rbm,-179.53069813648824,-217.45520769119469,-218.67878990829956,-70.94,-125.778,-126.769,0.271911,0.400164,0.402762
exp33,rbm,-181.23709709388277,-184.52469372875203,-185.4704909046649,-136.59,-139.625,-140.3,0.512965,0.522241,0.525108
exp471,rbm,,,,-50.9655,-123.267,-123.708,0.205972,0.425234,0.42695
exp309,rbm,,,,-37.3735,-122.444,-122.847,0.134296,0.422565,0.423756
exp261,rbm,-86.657525662245462,-131.4187771931754,-132.00748916011264,-28.7925,-117.923,-118.832,0.0777516,0.411245,0.413374
exp75,rbm,,,,-85.0559,-109.516,-109.962,0.307544,0.402828,0.403936
exp98,rbm,-70.516917773288355,-131.2342778725689,-129.40138950105609,-16.5111,-115.351,-112.737,0.0543819,0.419058,0.410714
exp320,rbm,,,,-15.3833,-120.255,-118.029,0.0760803,0.367935,0.360347
exp168,dbm,-191.18624864413943,-194.0110927976333,-195.02360552640465,-139.724,-141.346,-141.938,0.530842,0.536704,0.53934
exp270,dbm,-107.72100689014019,-175.49148546444962,-176.43375034839983,-59.3946,-362.05,-365.552,0.10132,0.426546,0.429661
exp177,rbm,-203.00906443282872,-209.8715327096063,-210.73236347141028,-130.042,-137.935,-138.081,0.469473,0.49045,0.491328
exp266,dbm,-186.89540491948844,-280.56862806178219,-276.16350195453163,-37.8803,-115.578,-113.563,0.151037,0.362278,0.356038
exp267,dbm,-263.85806438252575,-312.58730981902056,-313.97569804398313,-78.8543,-124.144,-124.626,0.268986,0.382208,0.384326
exp318,rbm,-82.89238409563734,-130.17703753426952,-130.71996870132159,-30.086,-114.015,-114.802,0.0917928,0.396293,0.397543
exp426,dbm,-138.79341681122719,-231.08555037031965,-232.25286148116902,-27.9039,-318.336,-322.307,0.0589809,0.419461,0.422808
exp162,dbm,,,,-70.0811,-336.621,-338.296,0.168556,0.54218,0.545537
exp218,dbm,,,,-90.8472,-106.234,-104.872,0.380987,0.437192,0.431528
exp272,rbm,-88.706691966820813,-120.45255133141183,-119.14770172230487,-57.5214,-108.59,-106.961,0.264296,0.431887,0.424977
exp261,dbm,-106.7448758789709,-166.96958594423313,-167.85952571700921,-71.0053,-324.794,-327.276,0.130616,0.420477,0.422205
exp158,rbm,-76.395307337107056,-167.93551588596722,-165.54085332042052,-11.4745,-119.75,-117.629,0.0544947,0.366595,0.358766
exp125,dbm,-102.28373285123439,-199.59449420521685,-196.48464027164869,-3.25769,-251.787,-246.377,0.0102901,0.458396,0.44991
exp59,rbm,-173.09346851466995,-179.68399381939773,-178.63789489644154,-113.637,-121.051,-119.39,0.486851,0.510873,0.501047
exp245,rbm,-85.889714862923256,-118.25494157868857,-117.07524511357917,-56.7003,-108.158,-106.948,0.259417,0.429938,0.423923
exp228,rbm,-113.16901961442926,-125.69518183476504,-126.0578016769602,-89.2474,-111.142,-111.608,0.319788,0.408256,0.408773
exp377,rbm,,,,-59.1203,-97.6235,-95.9468,0.248545,0.402712,0.394262
exp66,dbm,-114.83108127788057,-124.86080691876145,-125.41552982137887,-102.682,-122.374,-122.864,0.363259,0.422867,0.424365
exp129,dbm,-127.10695360742488,-215.59593036821298,-217.6871903885451,-42.2018,-312.154,-315.833,0.0972472,0.460972,0.465247
exp200,rbm,,,,-58.4658,-95.524,-93.9654,0.231414,0.392009,0.384565
exp150,dbm,,,,-88.4054,-112.538,-112.969,0.32659,0.398875,0.400421
exp423,dbm,-120.84267464037782,-185.57667986545925,-186.69181498437445,-76.5255,-314.818,-316.735,0.139757,0.413622,0.415529
exp179,rbm,-91.496669232617819,-113.73109453710015,-112.4281167182898,-62.1772,-98.6996,-97.1072,0.254074,0.406812,0.397301
exp293,rbm,-90.008743505215193,-183.96435990121529,-181.14117807464424,-10.4512,-121.873,-119.507,0.0501026,0.362427,0.355255
exp215,dbm,-110.1295002003036,-127.30914655515971,-125.49786141418315,-89.5034,-119.991,-118.068,0.341121,0.42573,0.417669
exp195,dbm,-194.34568802559966,-197.42977732979625,-198.3970644048926,-138.911,-140.639,-141.218,0.526401,0.532388,0.535031
exp29,rbm,-104.22484505832759,-116.17775502983457,-115.0343682397492,-85.3607,-104.116,-102.716,0.351235,0.430507,0.425058
exp396,rbm,-115.00746042529011,-126.87021801692271,-127.23013527113443,-92.1008,-112.428,-112.811,0.333177,0.412702,0.413849
exp195,rbm,-182.38521959298657,-185.59021646407535,-186.61286038668089,-136.273,-139.269,-140.012,0.511256,0.520449,0.522623
exp27,dbm,,,,-121.767,-128.466,-128.781,0.453119,0.475043,0.475069
exp36,rbm,-127.09891640654513,-132.89658522565207,-133.32188112143865,-112.729,-121.824,-122.254,0.414704,0.450644,0.452149
exp186,rbm,-210.21198831490597,-218.7833302914421,-219.48993959055292,-133.598,-143.815,-143.866,0.466275,0.491844,0.492261
exp281,dbm,,,,-8.4693,-227.6,-221.972,0.0268572,0.417205,0.410511
exp168,rbm,-182.87148697958929,-186.01776079846627,-187.06793755791409,-135.389,-138.426,-139.09,0.510845,0.518854,0.522455
exp245,dbm,-93.382464081804756,-126.13343531058467,-124.31277341441887,-59.3232,-113.59,-112.231,0.26196,0.40033,0.395762
exp159,rbm,,,,-42.999,-125.141,-126.322,0.174801,0.378233,0.380116
exp347,dbm,-237.90696412162379,-246.50787961688991,-245.2276157456713,-112.86,-118.167,-116.832,0.487663,0.509628,0.501249
exp293,dbm,-183.30981605480986,-276.52925206561508,-271.99084484560217,-38.1991,-114.599,-112.883,0.152273,0.357705,0.352081
exp210,dbm,,,,-108.593,-125.51,-125.866,0.379825,0.426954,0.428895
exp336,rbm,,,,-95.589,-114.027,-114.519,0.352294,0.421445,0.422569
exp390,dbm,-125.93588930098792,-135.07898693534889,-135.5081129959251,-105.977,-123.73,-124.065,0.373723,0.426408,0.427248
exp288,rbm,-86.711423399498699,-130.84735155948204,-131.3748243531179,-29.7246,-117.751,-118.371,0.0803991,0.412236,0.413753
exp294,rbm,-132.63585636610856,-192.16818481042526,-193.17441311369623,-42.5877,-128.922,-129.991,0.173552,0.378994,0.381251
exp54,rbm,,,,-91.1655,-114.452,-114.994,0.340616,0.423438,0.424935
exp207,rbm,,,,-88.5762,-111.595,-112.011,0.318357,0.4102,0.411249
exp11,rbm,,,,-66.3103,-100.594,-99.129,0.282094,0.412671,0.405811
exp183,dbm,,,,-110.995,-121.686,-122.027,0.402783,0.436679,0.437054
exp231,dbm,-352.20981408904709,-358.33011187418799,-359.4869473611144,-129.966,-133.165,-133.641,0.486415,0.49982,0.501183
exp381,rbm,,,,-113.973,-122.638,-123.078,0.419643,0.453412,0.456489
exp41,dbm,-214.82913755550152,-223.87176489360689,-221.84563340365173,-111.036,-116.998,-115.739,0.475875,0.500426,0.493537
exp240,rbm,-201.47954820401389,-209.78191699591548,-210.48823564376107,-124.587,-134.191,-134.404,0.440075,0.465409,0.466943
exp374,rbm,-150.7017081124269,-168.59601375467741,-167.02461655187301,-94.8401,-116.144,-114.296,0.388129,0.447056,0.440671
exp320,dbm,,,,-44.0466,-111.835,-110.095,0.178602,0.361426,0.355038
exp158,dbm,-160.95487823851727,-251.1256586621048,-247.45462807420768,-39.4141,-112.983,-111.024,0.158689,0.357447,0.35096
exp399,dbm,-125.5299703579301,-135.93617971411868,-136.33812978544279,-105.813,-126.05,-126.518,0.364394,0.420659,0.422617
exp342,dbm,,,,-118.638,-126.438,-126.579,0.438015,0.463358,0.464299
exp426,rbm,-79.704500334425916,-128.55293294562648,-128.93730403111317,-27.6831,-113.461,-113.873,0.0793515,0.391311,0.392447
exp48,dbm,-124.5719800934379,-134.21161582536683,-134.6781791562247,-111.478,-128.408,-128.824,0.385675,0.431557,0.433057
exp300,dbm,,,,-102.015,-126.439,-127.364,0.369385,0.426096,0.427943
exp128,dbm,-171.29993690510787,-276.71264538552134,-273.66295086055311,-1.6356,-178.189,-175.471,0.00428834,0.38259,0.379243
exp24,rbm,-199.48345797261663,-207.40150966014767,-207.86654347402043,-129.007,-138.669,-138.7,0.465481,0.490866,0.491414
exp54,dbm,,,,-126.011,-138.857,-139.147,0.431876,0.466209,0.467561
exp102,rbm,-84.370093842018946,-134.01772446430846,-134.66886663047319,-28.9081,-117.434,-118.392,0.0934421,0.400715,0.403892
exp204,dbm,,,,-132.12,-134.734,-135.373,0.499718,0.509334,0.512087
exp297,dbm,,,,-70.8647,-422.828,-426.058,0.10988,0.463013,0.465616
exp291,rbm,-82.345570190983949,-130.09165503793452,-130.68438926851627,-29.6623,-114.563,-115.451,0.0915994,0.395718,0.398404
exp123,dbm,-234.07445333800536,-266.62817806629766,-267.55659451323891,-90.529,-117.258,-117.875,0.321109,0.398267,0.400425
exp312,dbm,,,,-90.1077,-111.137,-111.429,0.335505,0.398755,0.400315
exp267,rbm,-175.97758030024625,-236.05015610270482,-237.56276561981576,-45.0606,-132.819,-134.018,0.182063,0.384623,0.388731
exp110,dbm,,,,-66.9727,-119.426,-116.763,0.284728,0.412211,0.402366
exp80,dbm,,,,-82.0968,-118.635,-116.527,0.322899,0.429397,0.422586
exp45,dbm,-126.49178893043916,-134.79225076967214,-135.13443606640135,-116.672,-132.529,-132.854,0.401219,0.445063,0.446427
exp339,rbm,,,,-130.56,-138.365,-138.506,0.471056,0.491695,0.492913
exp156,dbm,,,,-41.2705,-299.81,-303.793,0.0950677,0.456235,0.460262
exp143,rbm,,,,-57.547,-109.723,-107.532,0.2638,0.430033,0.421897
exp239,dbm,-259.71082206063488,-272.50591994530782,-271.19943944068223,-105.009,-113.401,-112.143,0.43972,0.478626,0.471224
exp323,rbm,-61.919631514907451,-120.40314033339291,-118.63243370640612,-14.3065,-104.249,-102.343,0.0276013,0.386365,0.378945
exp191,dbm,,,,-90.3499,-106.257,-104.72,0.379332,0.436217,0.429691
exp350,rbm,-95.821167033386814,-118.7208628997119,-117.29780213406116,-65.2737,-102.291,-100.515,0.27887,0.420019,0.410578
exp161,rbm,-58.076224016326478,-116.72651846801307,-114.9266145702411,-13.9951,-104.364,-102.45,0.0272675,0.387286,0.378216
exp266,rbm,-90.410859561856455,-185.44897141277443,-183.08227000768795,-12.1208,-125.517,-122.757,0.0586159,0.370655,0.363683
exp42,rbm,,,,-131.685,-139.47,-139.61,0.471113,0.491671,0.492108
exp237,rbm,-110.35580221157022,-124.38960683801065,-124.76098245892797,-85.9522,-109.705,-110.154,0.311541,0.403053,0.404482
exp72,dbm,-121.23008292601651,-129.82110459167995,-130.2593963675472,-108.172,-126.128,-126.717,0.381522,0.436171,0.438286
exp137,rbm,-88.375126397117185,-119.08139208687138,-117.52557888217055,-60.0884,-109.099,-107.324,0.274866,0.433943,0.425719
exp270,rbm,-88.550166182110843,-135.59916647286741,-136.13692487555272,-26.813,-114.354,-114.813,0.0725129,0.397721,0.397806
exp50,dbm,-225.11869120461768,-235.50324892347464,-233.13779133580385,-109.208,-115.74,-114.413,0.467218,0.496245,0.488499
exp135,rbm,-88.780045041315361,-133.48918347200265,-134.0574775162238,-34.5179,-117.392,-118.066,0.118466,0.407719,0.408849
exp285,dbm,,,,-89.772,-115.851,-116.358,0.322242,0.398444,0.400603
exp200,dbm,,,,-75.5756,-106.779,-104.999,0.310516,0.408977,0.402677
exp212,rbm,-170.1492302995656,-188.27410766868263,-186.70210497929122,-98.5089,-119.995,-118.167,0.399259,0.456528,0.450261
exp9,dbm,-138.23471803074881,-142.38547724712089,-142.74144951351582,-123.878,-129.592,-129.972,0.460262,0.477889,0.479014
exp87,dbm,,,,-119.693,-124.707,-125.047,0.456417,0.471752,0.472991
exp21,rbm,-124.84745226947223,-137.19004451657554,-137.36679365569933,-97.4334,-117.447,-117.71,0.367025,0.434935,0.434058
exp374,dbm,-207.9685450430195,-219.16567655322797,-216.99056097241055,-107.134,-114.455,-113.177,0.455511,0.487949,0.480422
exp188,rbm,-91.039468774410636,-113.40842500341097,-112.36725382789217,-62.0593,-98.9734,-97.5295,0.255679,0.406243,0.40003
exp189,dbm,-134.85559929090488,-139.16149686720064,-139.64425304398549,-119.788,-126.236,-126.634,0.442914,0.464958,0.46711
exp114,dbm,,,,-119.158,-124.118,-124.455,0.456348,0.471464,0.472694
exp105,rbm,-161.232112318394,-219.74114815997689,-221.54372632563491,-52.6667,-138.134,-139.711,0.206948,0.389984,0.392917
exp126,rbm,,,,-29.9473,-119.557,-120.489,0.0847946,0.418867,0.418848
exp285,rbm,,,,-70.7377,-124.7,-125.627,0.271079,0.396499,0.398764
exp180,rbm,,,,-94.3975,-113.928,-114.443,,,
exp152,dbm,-93.25883464263552,-148.21854064307058,-145.56801910520403,-15.2804,-192.761,-187.079,0.0518973,0.404566,0.39645
exp2,rbm,-105.95659002099509,-117.45454647507131,-116.18048503862704,-87.8798,-105.55,-104.072,0.364898,0.440087,0.433229
exp15,rbm,,,,-129.24,-136.843,-137.08,0.473272,0.493367,0.495901
exp185,dbm,-224.15086504975432,-232.72898559671552,-230.92282124927794,-112.146,-117.541,-116.24,0.483298,0.505528,0.497278
exp237,dbm,-120.30429875650361,-131.5706345027379,-132.08815459726623,-103.359,-125.356,-126.033,0.358066,0.420348,0.423139
exp315,dbm,,,,-87.5717,-330.71,-333.836,0.15244,0.423821,0.425615
exp98,dbm,-101.32635462045801,-195.53267488388724,-192.85776561371176,-26.4005,-343.467,-337.145,0.0511216,0.429627,0.423734
